ETH-USD,1643.73000000,2023-02-28 18:01:42
ETH-USD,1643.73000000,2023-02-28 18:01:44
ETH-USD,1643.74000000,2023-02-28 18:01:45
ETH-USD,1643.73000000,2023-02-28 18:01:45
ETH-USD,1643.73000000,2023-02-28 18:01:45
ETH-USD,1643.73000000,2023-02-28 18:01:45
ETH-USD,1643.73000000,2023-02-28 18:01:46
ETH-USD,1643.73000000,2023-02-28 18:01:47
ETH-USD,1643.74000000,2023-02-28 18:01:48
ETH-USD,1643.74000000,2023-02-28 18:01:48
ETH-USD,1643.74000000,2023-02-28 18:01:48
ETH-USD,1643.74000000,2023-02-28 18:01:49
ETH-USD,1643.74000000,2023-02-28 18:01:49
ETH-USD,1643.74000000,2023-02-28 18:01:49
ETH-USD,1643.74000000,2023-02-28 18:01:49
ETH-USD,1643.74000000,2023-02-28 18:01:49
ETH-USD,1643.74000000,2023-02-28 18:01:49
ETH-USD,1643.74000000,2023-02-28 18:01:49
ETH-USD,1643.74000000,2023-02-28 18:01:49
ETH-USD,1643.74000000,2023-02-28 18:01:49
ETH-USD,1643.74000000,2023-02-28 18:01:49
ETH-USD,1643.74000000,2023-02-28 18:01:49
ETH-USD,1643.74000000,2023-02-28 18:01:49
ETH-USD,1643.74000000,2023-02-28 18:01:49
ETH-USD,1643.74000000,2023-02-28 18:01:49
ETH-USD,1643.74000000,2023-02-28 18:01:49
ETH-USD,1643.74000000,2023-02-28 18:01:49
ETH-USD,1643.74000000,2023-02-28 18:01:49
ETH-USD,1643.74000000,2023-02-28 18:01:49
ETH-USD,1643.74000000,2023-02-28 18:01:49
ETH-USD,1643.74000000,2023-02-28 18:01:49
ETH-USD,1643.74000000,2023-02-28 18:01:49
ETH-USD,1643.74000000,2023-02-28 18:01:49
ETH-USD,1643.75000000,2023-02-28 18:01:49
ETH-USD,1643.77000000,2023-02-28 18:01:50
ETH-USD,1643.77000000,2023-02-28 18:01:50
ETH-USD,1643.78000000,2023-02-28 18:01:51
ETH-USD,1643.78000000,2023-02-28 18:01:51
ETH-USD,1643.78000000,2023-02-28 18:01:52
ETH-USD,1643.77000000,2023-02-28 18:01:54
ETH-USD,1643.77000000,2023-02-28 18:01:54
ETH-USD,1643.77000000,2023-02-28 18:01:54
ETH-USD,1643.77000000,2023-02-28 18:01:54
ETH-USD,1643.77000000,2023-02-28 18:01:54
ETH-USD,1643.77000000,2023-02-28 18:01:54
ETH-USD,1643.78000000,2023-02-28 18:01:55
ETH-USD,1643.78000000,2023-02-28 18:01:56
ETH-USD,1643.77000000,2023-02-28 18:01:56
ETH-USD,1643.78000000,2023-02-28 18:01:57
ETH-USD,1643.78000000,2023-02-28 18:01:58
ETH-USD,1643.78000000,2023-02-28 18:01:59
ETH-USD,1643.77000000,2023-02-28 18:01:59
ETH-USD,1643.78000000,2023-02-28 18:01:59
ETH-USD,1643.78000000,2023-02-28 18:01:59
ETH-USD,1643.78000000,2023-02-28 18:01:59
ETH-USD,1643.77000000,2023-02-28 18:01:59
ETH-USD,1643.77000000,2023-02-28 18:01:59
ETH-USD,1643.77000000,2023-02-28 18:01:59
ETH-USD,1643.77000000,2023-02-28 18:01:59
ETH-USD,1643.78000000,2023-02-28 18:01:59
ETH-USD,1643.77000000,2023-02-28 18:01:59
ETH-USD,1643.77000000,2023-02-28 18:01:59
ETH-USD,1643.78000000,2023-02-28 18:01:59
ETH-USD,1643.78000000,2023-02-28 18:01:59
ETH-USD,1643.77000000,2023-02-28 18:01:59
ETH-USD,1643.77000000,2023-02-28 18:01:59
ETH-USD,1643.78000000,2023-02-28 18:01:59
ETH-USD,1643.77000000,2023-02-28 18:01:59
ETH-USD,1643.77000000,2023-02-28 18:01:59
ETH-USD,1643.77000000,2023-02-28 18:01:59
ETH-USD,1643.78000000,2023-02-28 18:01:59
ETH-USD,1643.78000000,2023-02-28 18:01:59
ETH-USD,1643.78000000,2023-02-28 18:01:59
ETH-USD,1643.78000000,2023-02-28 18:01:59
ETH-USD,1643.78000000,2023-02-28 18:01:59
ETH-USD,1643.78000000,2023-02-28 18:01:59
ETH-USD,1643.78000000,2023-02-28 18:01:59
ETH-USD,1643.77000000,2023-02-28 18:01:59
ETH-USD,1643.77000000,2023-02-28 18:01:59
ETH-USD,1643.78000000,2023-02-28 18:01:59
ETH-USD,1643.77000000,2023-02-28 18:01:59
ETH-USD,1643.78000000,2023-02-28 18:01:59
ETH-USD,1643.77000000,2023-02-28 18:01:59
ETH-USD,1643.78000000,2023-02-28 18:01:59
ETH-USD,1643.77000000,2023-02-28 18:01:59
ETH-USD,1643.78000000,2023-02-28 18:01:59
ETH-USD,1643.78000000,2023-02-28 18:01:59
ETH-USD,1643.77000000,2023-02-28 18:01:59
ETH-USD,1643.78000000,2023-02-28 18:01:59
ETH-USD,1643.77000000,2023-02-28 18:01:59
ETH-USD,1643.77000000,2023-02-28 18:01:59
ETH-USD,1643.78000000,2023-02-28 18:02:00
ETH-USD,1643.77000000,2023-02-28 18:02:00
ETH-USD,1643.77000000,2023-02-28 18:02:00
ETH-USD,1643.77000000,2023-02-28 18:02:00
ETH-USD,1643.77000000,2023-02-28 18:02:00
ETH-USD,1643.77000000,2023-02-28 18:02:00
ETH-USD,1643.77000000,2023-02-28 18:02:00
ETH-USD,1643.77000000,2023-02-28 18:02:00
ETH-USD,1643.77000000,2023-02-28 18:02:00
ETH-USD,1643.77000000,2023-02-28 18:02:00
ETH-USD,1643.75000000,2023-02-28 18:02:00
ETH-USD,1643.73000000,2023-02-28 18:02:00
ETH-USD,1643.73000000,2023-02-28 18:02:00
ETH-USD,1643.73000000,2023-02-28 18:02:00
ETH-USD,1643.73000000,2023-02-28 18:02:00
ETH-USD,1643.70000000,2023-02-28 18:02:00
ETH-USD,1643.68000000,2023-02-28 18:02:00
ETH-USD,1643.68000000,2023-02-28 18:02:00
ETH-USD,1643.68000000,2023-02-28 18:02:00
ETH-USD,1643.68000000,2023-02-28 18:02:00
ETH-USD,1643.67000000,2023-02-28 18:02:00
ETH-USD,1643.67000000,2023-02-28 18:02:00
ETH-USD,1643.66000000,2023-02-28 18:02:00
ETH-USD,1643.66000000,2023-02-28 18:02:00
ETH-USD,1643.65000000,2023-02-28 18:02:00
ETH-USD,1643.61000000,2023-02-28 18:02:00
ETH-USD,1643.61000000,2023-02-28 18:02:00
ETH-USD,1643.61000000,2023-02-28 18:02:00
ETH-USD,1643.61000000,2023-02-28 18:02:00
ETH-USD,1643.61000000,2023-02-28 18:02:00
ETH-USD,1643.61000000,2023-02-28 18:02:00
ETH-USD,1643.66000000,2023-02-28 18:02:00
ETH-USD,1643.60000000,2023-02-28 18:02:00
ETH-USD,1643.60000000,2023-02-28 18:02:00
ETH-USD,1643.59000000,2023-02-28 18:02:00
ETH-USD,1643.56000000,2023-02-28 18:02:00
ETH-USD,1643.56000000,2023-02-28 18:02:00
ETH-USD,1643.54000000,2023-02-28 18:02:00
ETH-USD,1643.53000000,2023-02-28 18:02:00
ETH-USD,1643.50000000,2023-02-28 18:02:00
ETH-USD,1643.46000000,2023-02-28 18:02:00
ETH-USD,1643.46000000,2023-02-28 18:02:00
ETH-USD,1643.39000000,2023-02-28 18:02:00
ETH-USD,1643.37000000,2023-02-28 18:02:00
ETH-USD,1643.34000000,2023-02-28 18:02:00
ETH-USD,1643.34000000,2023-02-28 18:02:00
ETH-USD,1643.34000000,2023-02-28 18:02:00
ETH-USD,1643.33000000,2023-02-28 18:02:00
ETH-USD,1643.32000000,2023-02-28 18:02:00
ETH-USD,1643.32000000,2023-02-28 18:02:00
ETH-USD,1643.33000000,2023-02-28 18:02:01
ETH-USD,1643.32000000,2023-02-28 18:02:01
ETH-USD,1643.33000000,2023-02-28 18:02:01
ETH-USD,1643.32000000,2023-02-28 18:02:02
ETH-USD,1643.32000000,2023-02-28 18:02:02
ETH-USD,1643.32000000,2023-02-28 18:02:02
ETH-USD,1643.32000000,2023-02-28 18:02:02
ETH-USD,1643.32000000,2023-02-28 18:02:02
ETH-USD,1643.32000000,2023-02-28 18:02:02
ETH-USD,1643.32000000,2023-02-28 18:02:02
ETH-USD,1643.32000000,2023-02-28 18:02:02
ETH-USD,1643.32000000,2023-02-28 18:02:02
ETH-USD,1643.32000000,2023-02-28 18:02:02
ETH-USD,1643.31000000,2023-02-28 18:02:02
ETH-USD,1643.31000000,2023-02-28 18:02:02
ETH-USD,1643.32000000,2023-02-28 18:02:03
ETH-USD,1643.32000000,2023-02-28 18:02:03
ETH-USD,1643.32000000,2023-02-28 18:02:03
ETH-USD,1643.32000000,2023-02-28 18:02:03
ETH-USD,1643.32000000,2023-02-28 18:02:03
ETH-USD,1643.32000000,2023-02-28 18:02:03
ETH-USD,1643.32000000,2023-02-28 18:02:03
ETH-USD,1643.32000000,2023-02-28 18:02:03
ETH-USD,1643.32000000,2023-02-28 18:02:03
ETH-USD,1643.32000000,2023-02-28 18:02:03
ETH-USD,1643.32000000,2023-02-28 18:02:03
ETH-USD,1643.32000000,2023-02-28 18:02:03
ETH-USD,1643.32000000,2023-02-28 18:02:03
ETH-USD,1643.32000000,2023-02-28 18:02:03
ETH-USD,1643.32000000,2023-02-28 18:02:03
ETH-USD,1643.32000000,2023-02-28 18:02:03
ETH-USD,1643.32000000,2023-02-28 18:02:04
ETH-USD,1643.31000000,2023-02-28 18:02:04
ETH-USD,1643.31000000,2023-02-28 18:02:04
ETH-USD,1643.32000000,2023-02-28 18:02:04
ETH-USD,1643.32000000,2023-02-28 18:02:04
ETH-USD,1643.32000000,2023-02-28 18:02:04
ETH-USD,1643.32000000,2023-02-28 18:02:04
ETH-USD,1643.32000000,2023-02-28 18:02:04
ETH-USD,1643.32000000,2023-02-28 18:02:04
ETH-USD,1643.32000000,2023-02-28 18:02:04
ETH-USD,1643.32000000,2023-02-28 18:02:05
ETH-USD,1643.32000000,2023-02-28 18:02:05
ETH-USD,1643.32000000,2023-02-28 18:02:05
ETH-USD,1643.32000000,2023-02-28 18:02:05
ETH-USD,1643.32000000,2023-02-28 18:02:05
ETH-USD,1643.32000000,2023-02-28 18:02:05
ETH-USD,1643.32000000,2023-02-28 18:02:05
ETH-USD,1643.32000000,2023-02-28 18:02:05
ETH-USD,1643.32000000,2023-02-28 18:02:05
ETH-USD,1643.32000000,2023-02-28 18:02:05
ETH-USD,1643.32000000,2023-02-28 18:02:05
ETH-USD,1643.32000000,2023-02-28 18:02:05
ETH-USD,1643.33000000,2023-02-28 18:02:05
ETH-USD,1643.37000000,2023-02-28 18:02:05
ETH-USD,1643.37000000,2023-02-28 18:02:05
ETH-USD,1643.37000000,2023-02-28 18:02:05
ETH-USD,1643.37000000,2023-02-28 18:02:05
ETH-USD,1643.37000000,2023-02-28 18:02:05
ETH-USD,1643.37000000,2023-02-28 18:02:06
ETH-USD,1643.37000000,2023-02-28 18:02:06
ETH-USD,1643.37000000,2023-02-28 18:02:06
ETH-USD,1643.37000000,2023-02-28 18:02:06
ETH-USD,1643.37000000,2023-02-28 18:02:06
ETH-USD,1643.37000000,2023-02-28 18:02:06
ETH-USD,1643.39000000,2023-02-28 18:02:06
ETH-USD,1643.39000000,2023-02-28 18:02:06
ETH-USD,1643.39000000,2023-02-28 18:02:06
ETH-USD,1643.39000000,2023-02-28 18:02:06
ETH-USD,1643.41000000,2023-02-28 18:02:06
ETH-USD,1643.41000000,2023-02-28 18:02:06
ETH-USD,1643.43000000,2023-02-28 18:02:06
ETH-USD,1643.43000000,2023-02-28 18:02:07
ETH-USD,1643.43000000,2023-02-28 18:02:07
ETH-USD,1643.45000000,2023-02-28 18:02:07
ETH-USD,1643.45000000,2023-02-28 18:02:07
ETH-USD,1643.45000000,2023-02-28 18:02:07
ETH-USD,1643.45000000,2023-02-28 18:02:07
ETH-USD,1643.45000000,2023-02-28 18:02:07
ETH-USD,1643.45000000,2023-02-28 18:02:07
ETH-USD,1643.45000000,2023-02-28 18:02:07
ETH-USD,1643.45000000,2023-02-28 18:02:07
ETH-USD,1643.45000000,2023-02-28 18:02:08
ETH-USD,1643.45000000,2023-02-28 18:02:09
ETH-USD,1643.44000000,2023-02-28 18:02:09
ETH-USD,1643.45000000,2023-02-28 18:02:11
ETH-USD,1643.44000000,2023-02-28 18:02:12
ETH-USD,1643.44000000,2023-02-28 18:02:12
ETH-USD,1643.45000000,2023-02-28 18:02:12
ETH-USD,1643.45000000,2023-02-28 18:02:13
ETH-USD,1643.45000000,2023-02-28 18:02:13
ETH-USD,1643.45000000,2023-02-28 18:02:14
ETH-USD,1643.44000000,2023-02-28 18:02:15
ETH-USD,1643.45000000,2023-02-28 18:02:15
ETH-USD,1643.45000000,2023-02-28 18:02:16
ETH-USD,1643.45000000,2023-02-28 18:02:16
ETH-USD,1643.45000000,2023-02-28 18:02:16
ETH-USD,1643.45000000,2023-02-28 18:02:16
ETH-USD,1643.45000000,2023-02-28 18:02:16
ETH-USD,1643.45000000,2023-02-28 18:02:16
ETH-USD,1643.45000000,2023-02-28 18:02:17
ETH-USD,1643.45000000,2023-02-28 18:02:17
ETH-USD,1643.45000000,2023-02-28 18:02:17
ETH-USD,1643.45000000,2023-02-28 18:02:17
ETH-USD,1643.45000000,2023-02-28 18:02:17
ETH-USD,1643.45000000,2023-02-28 18:02:17
ETH-USD,1643.45000000,2023-02-28 18:02:17
ETH-USD,1643.45000000,2023-02-28 18:02:17
ETH-USD,1643.45000000,2023-02-28 18:02:18
ETH-USD,1643.44000000,2023-02-28 18:02:18
ETH-USD,1643.44000000,2023-02-28 18:02:18
ETH-USD,1643.45000000,2023-02-28 18:02:19
ETH-USD,1643.44000000,2023-02-28 18:02:19
ETH-USD,1643.45000000,2023-02-28 18:02:19
ETH-USD,1643.45000000,2023-02-28 18:02:19
ETH-USD,1643.45000000,2023-02-28 18:02:19
ETH-USD,1643.45000000,2023-02-28 18:02:19
ETH-USD,1643.45000000,2023-02-28 18:02:19
ETH-USD,1643.45000000,2023-02-28 18:02:20
ETH-USD,1643.44000000,2023-02-28 18:02:21
ETH-USD,1643.44000000,2023-02-28 18:02:21
ETH-USD,1643.44000000,2023-02-28 18:02:21
ETH-USD,1643.44000000,2023-02-28 18:02:21
ETH-USD,1643.44000000,2023-02-28 18:02:21
ETH-USD,1643.44000000,2023-02-28 18:02:21
ETH-USD,1643.44000000,2023-02-28 18:02:21
ETH-USD,1643.44000000,2023-02-28 18:02:21
ETH-USD,1643.44000000,2023-02-28 18:02:21
ETH-USD,1643.44000000,2023-02-28 18:02:21
ETH-USD,1643.43000000,2023-02-28 18:02:22
ETH-USD,1643.43000000,2023-02-28 18:02:22
ETH-USD,1643.32000000,2023-02-28 18:02:24
ETH-USD,1643.32000000,2023-02-28 18:02:24
ETH-USD,1643.32000000,2023-02-28 18:02:25
ETH-USD,1643.32000000,2023-02-28 18:02:25
ETH-USD,1643.33000000,2023-02-28 18:02:27
ETH-USD,1643.33000000,2023-02-28 18:02:27
ETH-USD,1643.33000000,2023-02-28 18:02:27
ETH-USD,1643.33000000,2023-02-28 18:02:27
ETH-USD,1643.33000000,2023-02-28 18:02:27
ETH-USD,1643.33000000,2023-02-28 18:02:27
ETH-USD,1643.33000000,2023-02-28 18:02:27
ETH-USD,1643.33000000,2023-02-28 18:02:27
ETH-USD,1643.33000000,2023-02-28 18:02:28
ETH-USD,1643.33000000,2023-02-28 18:02:28
ETH-USD,1643.33000000,2023-02-28 18:02:28
ETH-USD,1643.33000000,2023-02-28 18:02:28
ETH-USD,1643.33000000,2023-02-28 18:02:28
ETH-USD,1643.33000000,2023-02-28 18:02:28
ETH-USD,1643.33000000,2023-02-28 18:02:28
ETH-USD,1643.33000000,2023-02-28 18:02:28
ETH-USD,1643.33000000,2023-02-28 18:02:28
ETH-USD,1643.33000000,2023-02-28 18:02:28
ETH-USD,1643.33000000,2023-02-28 18:02:28
ETH-USD,1643.33000000,2023-02-28 18:02:28
ETH-USD,1643.33000000,2023-02-28 18:02:28
ETH-USD,1643.33000000,2023-02-28 18:02:28
ETH-USD,1643.33000000,2023-02-28 18:02:28
ETH-USD,1643.33000000,2023-02-28 18:02:28
ETH-USD,1643.33000000,2023-02-28 18:02:28
ETH-USD,1643.33000000,2023-02-28 18:02:28
ETH-USD,1643.33000000,2023-02-28 18:02:28
ETH-USD,1643.33000000,2023-02-28 18:02:28
ETH-USD,1643.33000000,2023-02-28 18:02:28
ETH-USD,1643.33000000,2023-02-28 18:02:29
ETH-USD,1643.33000000,2023-02-28 18:02:29
ETH-USD,1643.33000000,2023-02-28 18:02:29
ETH-USD,1643.34000000,2023-02-28 18:02:29
ETH-USD,1643.34000000,2023-02-28 18:02:29
ETH-USD,1643.34000000,2023-02-28 18:02:29
ETH-USD,1643.34000000,2023-02-28 18:02:29
ETH-USD,1643.34000000,2023-02-28 18:02:29
ETH-USD,1643.34000000,2023-02-28 18:02:29
ETH-USD,1643.34000000,2023-02-28 18:02:29
ETH-USD,1643.34000000,2023-02-28 18:02:29
ETH-USD,1643.34000000,2023-02-28 18:02:29
ETH-USD,1643.34000000,2023-02-28 18:02:29
ETH-USD,1643.34000000,2023-02-28 18:02:29
ETH-USD,1643.34000000,2023-02-28 18:02:29
ETH-USD,1643.34000000,2023-02-28 18:02:30
ETH-USD,1643.34000000,2023-02-28 18:02:30
ETH-USD,1643.34000000,2023-02-28 18:02:30
ETH-USD,1643.34000000,2023-02-28 18:02:30
ETH-USD,1643.34000000,2023-02-28 18:02:30
ETH-USD,1643.34000000,2023-02-28 18:02:30
ETH-USD,1643.34000000,2023-02-28 18:02:30
ETH-USD,1643.34000000,2023-02-28 18:02:30
ETH-USD,1643.34000000,2023-02-28 18:02:30
ETH-USD,1643.34000000,2023-02-28 18:02:30
ETH-USD,1643.34000000,2023-02-28 18:02:30
ETH-USD,1643.33000000,2023-02-28 18:02:31
ETH-USD,1643.34000000,2023-02-28 18:02:31
ETH-USD,1643.34000000,2023-02-28 18:02:32
ETH-USD,1643.34000000,2023-02-28 18:02:32
ETH-USD,1643.34000000,2023-02-28 18:02:32
ETH-USD,1643.34000000,2023-02-28 18:02:32
ETH-USD,1643.33000000,2023-02-28 18:02:32
ETH-USD,1643.34000000,2023-02-28 18:02:32
ETH-USD,1643.34000000,2023-02-28 18:02:32
ETH-USD,1643.34000000,2023-02-28 18:02:32
ETH-USD,1643.34000000,2023-02-28 18:02:32
ETH-USD,1643.34000000,2023-02-28 18:02:33
ETH-USD,1643.34000000,2023-02-28 18:02:33
ETH-USD,1643.34000000,2023-02-28 18:02:33
ETH-USD,1643.34000000,2023-02-28 18:02:33
ETH-USD,1643.34000000,2023-02-28 18:02:33
ETH-USD,1643.34000000,2023-02-28 18:02:33
ETH-USD,1643.34000000,2023-02-28 18:02:33
ETH-USD,1643.34000000,2023-02-28 18:02:33
ETH-USD,1643.34000000,2023-02-28 18:02:33
ETH-USD,1643.34000000,2023-02-28 18:02:33
ETH-USD,1643.34000000,2023-02-28 18:02:34
ETH-USD,1643.34000000,2023-02-28 18:02:34
ETH-USD,1643.34000000,2023-02-28 18:02:34
ETH-USD,1643.34000000,2023-02-28 18:02:34
ETH-USD,1643.34000000,2023-02-28 18:02:34
ETH-USD,1643.34000000,2023-02-28 18:02:34
ETH-USD,1643.34000000,2023-02-28 18:02:34
ETH-USD,1643.34000000,2023-02-28 18:02:34
ETH-USD,1643.34000000,2023-02-28 18:02:34
ETH-USD,1643.34000000,2023-02-28 18:02:34
ETH-USD,1643.34000000,2023-02-28 18:02:34
ETH-USD,1643.34000000,2023-02-28 18:02:34
ETH-USD,1643.34000000,2023-02-28 18:02:34
ETH-USD,1643.34000000,2023-02-28 18:02:34
ETH-USD,1643.34000000,2023-02-28 18:02:34
ETH-USD,1643.34000000,2023-02-28 18:02:34
ETH-USD,1643.34000000,2023-02-28 18:02:34
ETH-USD,1643.34000000,2023-02-28 18:02:35
ETH-USD,1643.34000000,2023-02-28 18:02:35
ETH-USD,1643.34000000,2023-02-28 18:02:35
ETH-USD,1643.34000000,2023-02-28 18:02:35
ETH-USD,1643.34000000,2023-02-28 18:02:35
ETH-USD,1643.34000000,2023-02-28 18:02:35
ETH-USD,1643.34000000,2023-02-28 18:02:35
ETH-USD,1643.33000000,2023-02-28 18:02:35
ETH-USD,1643.34000000,2023-02-28 18:02:35
ETH-USD,1643.34000000,2023-02-28 18:02:36
ETH-USD,1643.34000000,2023-02-28 18:02:36
ETH-USD,1643.34000000,2023-02-28 18:02:36
ETH-USD,1643.34000000,2023-02-28 18:02:36
ETH-USD,1643.34000000,2023-02-28 18:02:36
ETH-USD,1643.34000000,2023-02-28 18:02:36
ETH-USD,1643.34000000,2023-02-28 18:02:36
ETH-USD,1643.34000000,2023-02-28 18:02:36
ETH-USD,1643.34000000,2023-02-28 18:02:36
ETH-USD,1643.34000000,2023-02-28 18:02:36
ETH-USD,1643.33000000,2023-02-28 18:02:36
ETH-USD,1643.34000000,2023-02-28 18:02:37
ETH-USD,1643.34000000,2023-02-28 18:02:37
ETH-USD,1643.34000000,2023-02-28 18:02:37
ETH-USD,1643.34000000,2023-02-28 18:02:37
ETH-USD,1643.34000000,2023-02-28 18:02:37
ETH-USD,1643.34000000,2023-02-28 18:02:37
ETH-USD,1643.34000000,2023-02-28 18:02:37
ETH-USD,1643.34000000,2023-02-28 18:02:37
ETH-USD,1643.34000000,2023-02-28 18:02:37
ETH-USD,1643.34000000,2023-02-28 18:02:38
ETH-USD,1643.34000000,2023-02-28 18:02:38
ETH-USD,1643.34000000,2023-02-28 18:02:38
ETH-USD,1643.34000000,2023-02-28 18:02:38
ETH-USD,1643.34000000,2023-02-28 18:02:38
ETH-USD,1643.34000000,2023-02-28 18:02:38
ETH-USD,1643.34000000,2023-02-28 18:02:38
ETH-USD,1643.34000000,2023-02-28 18:02:39
ETH-USD,1643.34000000,2023-02-28 18:02:39
ETH-USD,1643.34000000,2023-02-28 18:02:39
ETH-USD,1643.34000000,2023-02-28 18:02:39
ETH-USD,1643.34000000,2023-02-28 18:02:39
ETH-USD,1643.34000000,2023-02-28 18:02:39
ETH-USD,1643.34000000,2023-02-28 18:02:39
ETH-USD,1643.34000000,2023-02-28 18:02:39
ETH-USD,1643.34000000,2023-02-28 18:02:39
ETH-USD,1643.34000000,2023-02-28 18:02:39
ETH-USD,1643.34000000,2023-02-28 18:02:39
ETH-USD,1643.34000000,2023-02-28 18:02:39
ETH-USD,1643.34000000,2023-02-28 18:02:39
ETH-USD,1643.34000000,2023-02-28 18:02:39
ETH-USD,1643.34000000,2023-02-28 18:02:39
ETH-USD,1643.34000000,2023-02-28 18:02:39
ETH-USD,1643.34000000,2023-02-28 18:02:39
ETH-USD,1643.34000000,2023-02-28 18:02:39
ETH-USD,1643.34000000,2023-02-28 18:02:39
ETH-USD,1643.34000000,2023-02-28 18:02:39
ETH-USD,1643.34000000,2023-02-28 18:02:39
ETH-USD,1643.34000000,2023-02-28 18:02:39
ETH-USD,1643.34000000,2023-02-28 18:02:39
ETH-USD,1643.34000000,2023-02-28 18:02:39
ETH-USD,1643.38000000,2023-02-28 18:02:39
ETH-USD,1643.38000000,2023-02-28 18:02:39
ETH-USD,1643.39000000,2023-02-28 18:02:40
ETH-USD,1643.41000000,2023-02-28 18:02:40
ETH-USD,1643.42000000,2023-02-28 18:02:40
ETH-USD,1643.45000000,2023-02-28 18:02:40
ETH-USD,1643.46000000,2023-02-28 18:02:40
ETH-USD,1643.49000000,2023-02-28 18:02:40
ETH-USD,1643.50000000,2023-02-28 18:02:40
ETH-USD,1643.51000000,2023-02-28 18:02:40
ETH-USD,1643.52000000,2023-02-28 18:02:40
ETH-USD,1643.52000000,2023-02-28 18:02:40
ETH-USD,1643.51000000,2023-02-28 18:02:41
ETH-USD,1643.52000000,2023-02-28 18:02:41
ETH-USD,1643.52000000,2023-02-28 18:02:41
ETH-USD,1643.52000000,2023-02-28 18:02:41
ETH-USD,1643.52000000,2023-02-28 18:02:41
ETH-USD,1643.52000000,2023-02-28 18:02:41
ETH-USD,1643.52000000,2023-02-28 18:02:41
ETH-USD,1643.52000000,2023-02-28 18:02:42
ETH-USD,1643.51000000,2023-02-28 18:02:42
ETH-USD,1643.52000000,2023-02-28 18:02:42
ETH-USD,1643.52000000,2023-02-28 18:02:42
ETH-USD,1643.52000000,2023-02-28 18:02:42
ETH-USD,1643.52000000,2023-02-28 18:02:42
ETH-USD,1643.52000000,2023-02-28 18:02:43
ETH-USD,1643.52000000,2023-02-28 18:02:43
ETH-USD,1643.52000000,2023-02-28 18:02:43
ETH-USD,1643.52000000,2023-02-28 18:02:43
ETH-USD,1643.52000000,2023-02-28 18:02:43
ETH-USD,1643.52000000,2023-02-28 18:02:43
ETH-USD,1643.51000000,2023-02-28 18:02:44
ETH-USD,1643.52000000,2023-02-28 18:02:46
ETH-USD,1643.52000000,2023-02-28 18:02:46
ETH-USD,1643.52000000,2023-02-28 18:02:46
ETH-USD,1643.51000000,2023-02-28 18:02:47
ETH-USD,1643.52000000,2023-02-28 18:02:47
ETH-USD,1643.51000000,2023-02-28 18:02:48
ETH-USD,1643.51000000,2023-02-28 18:02:48
ETH-USD,1643.51000000,2023-02-28 18:02:48
ETH-USD,1643.52000000,2023-02-28 18:02:49
ETH-USD,1643.51000000,2023-02-28 18:02:49
ETH-USD,1643.51000000,2023-02-28 18:02:50
ETH-USD,1643.51000000,2023-02-28 18:02:50
ETH-USD,1643.52000000,2023-02-28 18:02:51
ETH-USD,1643.52000000,2023-02-28 18:02:51
ETH-USD,1643.51000000,2023-02-28 18:02:51
ETH-USD,1643.51000000,2023-02-28 18:02:51
ETH-USD,1643.51000000,2023-02-28 18:02:51
ETH-USD,1643.52000000,2023-02-28 18:02:51
ETH-USD,1643.52000000,2023-02-28 18:02:51
ETH-USD,1643.52000000,2023-02-28 18:02:51
ETH-USD,1643.52000000,2023-02-28 18:02:51
ETH-USD,1643.52000000,2023-02-28 18:02:51
ETH-USD,1643.52000000,2023-02-28 18:02:51
ETH-USD,1643.52000000,2023-02-28 18:02:51
ETH-USD,1643.52000000,2023-02-28 18:02:51
ETH-USD,1643.51000000,2023-02-28 18:02:52
ETH-USD,1643.52000000,2023-02-28 18:02:52
ETH-USD,1643.52000000,2023-02-28 18:02:52
ETH-USD,1643.52000000,2023-02-28 18:02:52
ETH-USD,1643.52000000,2023-02-28 18:02:52
ETH-USD,1643.52000000,2023-02-28 18:02:52
ETH-USD,1643.52000000,2023-02-28 18:02:52
ETH-USD,1643.52000000,2023-02-28 18:02:52
ETH-USD,1643.51000000,2023-02-28 18:02:52
ETH-USD,1643.52000000,2023-02-28 18:02:52
ETH-USD,1643.52000000,2023-02-28 18:02:52
ETH-USD,1643.52000000,2023-02-28 18:02:52
ETH-USD,1643.53000000,2023-02-28 18:02:52
ETH-USD,1643.55000000,2023-02-28 18:02:52
ETH-USD,1643.55000000,2023-02-28 18:02:52
ETH-USD,1643.55000000,2023-02-28 18:02:53
ETH-USD,1643.55000000,2023-02-28 18:02:53
ETH-USD,1643.55000000,2023-02-28 18:02:53
ETH-USD,1643.59000000,2023-02-28 18:02:53
ETH-USD,1643.60000000,2023-02-28 18:02:53
ETH-USD,1643.62000000,2023-02-28 18:02:53
ETH-USD,1643.62000000,2023-02-28 18:02:53
ETH-USD,1643.62000000,2023-02-28 18:02:53
ETH-USD,1643.62000000,2023-02-28 18:02:53
ETH-USD,1643.62000000,2023-02-28 18:02:54
ETH-USD,1643.62000000,2023-02-28 18:02:54
ETH-USD,1643.62000000,2023-02-28 18:02:54
ETH-USD,1643.62000000,2023-02-28 18:02:54
ETH-USD,1643.62000000,2023-02-28 18:02:54
ETH-USD,1643.61000000,2023-02-28 18:02:54
ETH-USD,1643.62000000,2023-02-28 18:02:54
ETH-USD,1643.62000000,2023-02-28 18:02:54
ETH-USD,1643.63000000,2023-02-28 18:02:54
ETH-USD,1643.65000000,2023-02-28 18:02:54
ETH-USD,1643.65000000,2023-02-28 18:02:54
ETH-USD,1643.66000000,2023-02-28 18:02:54
ETH-USD,1643.67000000,2023-02-28 18:02:54
ETH-USD,1643.68000000,2023-02-28 18:02:54
ETH-USD,1643.70000000,2023-02-28 18:02:54
ETH-USD,1643.70000000,2023-02-28 18:02:54
ETH-USD,1643.74000000,2023-02-28 18:02:54
ETH-USD,1643.75000000,2023-02-28 18:02:54
ETH-USD,1643.75000000,2023-02-28 18:02:54
ETH-USD,1643.76000000,2023-02-28 18:02:55
ETH-USD,1643.77000000,2023-02-28 18:02:55
ETH-USD,1643.78000000,2023-02-28 18:02:55
ETH-USD,1643.81000000,2023-02-28 18:02:55
ETH-USD,1643.81000000,2023-02-28 18:02:55
ETH-USD,1643.84000000,2023-02-28 18:02:55
ETH-USD,1643.85000000,2023-02-28 18:02:55
ETH-USD,1643.85000000,2023-02-28 18:02:55
ETH-USD,1643.85000000,2023-02-28 18:02:55
ETH-USD,1643.86000000,2023-02-28 18:02:55
ETH-USD,1643.86000000,2023-02-28 18:02:55
ETH-USD,1643.86000000,2023-02-28 18:02:56
ETH-USD,1643.85000000,2023-02-28 18:02:57
ETH-USD,1643.86000000,2023-02-28 18:02:58
ETH-USD,1643.86000000,2023-02-28 18:02:58
ETH-USD,1643.85000000,2023-02-28 18:02:59
ETH-USD,1643.85000000,2023-02-28 18:02:59
ETH-USD,1643.86000000,2023-02-28 18:02:59
ETH-USD,1643.86000000,2023-02-28 18:02:59
ETH-USD,1643.86000000,2023-02-28 18:02:59
ETH-USD,1643.85000000,2023-02-28 18:02:59
ETH-USD,1643.85000000,2023-02-28 18:02:59
ETH-USD,1643.86000000,2023-02-28 18:02:59
ETH-USD,1643.85000000,2023-02-28 18:02:59
ETH-USD,1643.86000000,2023-02-28 18:02:59
ETH-USD,1643.85000000,2023-02-28 18:02:59
ETH-USD,1643.86000000,2023-02-28 18:02:59
ETH-USD,1643.85000000,2023-02-28 18:02:59
ETH-USD,1643.85000000,2023-02-28 18:02:59
ETH-USD,1643.86000000,2023-02-28 18:02:59
ETH-USD,1643.85000000,2023-02-28 18:02:59
ETH-USD,1643.85000000,2023-02-28 18:02:59
ETH-USD,1643.86000000,2023-02-28 18:02:59
ETH-USD,1643.86000000,2023-02-28 18:02:59
ETH-USD,1643.85000000,2023-02-28 18:02:59
ETH-USD,1643.86000000,2023-02-28 18:02:59
ETH-USD,1643.85000000,2023-02-28 18:02:59
ETH-USD,1643.85000000,2023-02-28 18:02:59
ETH-USD,1643.86000000,2023-02-28 18:03:00
ETH-USD,1643.86000000,2023-02-28 18:03:00
ETH-USD,1643.86000000,2023-02-28 18:03:00
ETH-USD,1643.85000000,2023-02-28 18:03:00
ETH-USD,1643.86000000,2023-02-28 18:03:00
ETH-USD,1643.85000000,2023-02-28 18:03:00
ETH-USD,1643.85000000,2023-02-28 18:03:00
ETH-USD,1643.85000000,2023-02-28 18:03:00
ETH-USD,1643.85000000,2023-02-28 18:03:00
ETH-USD,1643.85000000,2023-02-28 18:03:00
ETH-USD,1643.86000000,2023-02-28 18:03:00
ETH-USD,1643.86000000,2023-02-28 18:03:00
ETH-USD,1643.86000000,2023-02-28 18:03:00
ETH-USD,1643.86000000,2023-02-28 18:03:00
ETH-USD,1643.85000000,2023-02-28 18:03:00
ETH-USD,1643.86000000,2023-02-28 18:03:00
ETH-USD,1643.86000000,2023-02-28 18:03:00
ETH-USD,1643.85000000,2023-02-28 18:03:00
ETH-USD,1643.85000000,2023-02-28 18:03:00
ETH-USD,1643.85000000,2023-02-28 18:03:00
ETH-USD,1643.86000000,2023-02-28 18:03:00
ETH-USD,1643.85000000,2023-02-28 18:03:00
ETH-USD,1643.86000000,2023-02-28 18:03:01
ETH-USD,1643.85000000,2023-02-28 18:03:02
ETH-USD,1643.86000000,2023-02-28 18:03:02
ETH-USD,1643.86000000,2023-02-28 18:03:02
ETH-USD,1643.85000000,2023-02-28 18:03:03
ETH-USD,1643.85000000,2023-02-28 18:03:03
ETH-USD,1643.86000000,2023-02-28 18:03:05
ETH-USD,1643.86000000,2023-02-28 18:03:05
ETH-USD,1643.86000000,2023-02-28 18:03:05
ETH-USD,1643.85000000,2023-02-28 18:03:06
ETH-USD,1643.85000000,2023-02-28 18:03:07
ETH-USD,1643.85000000,2023-02-28 18:03:07
ETH-USD,1643.85000000,2023-02-28 18:03:07
ETH-USD,1643.86000000,2023-02-28 18:03:08
ETH-USD,1643.85000000,2023-02-28 18:03:08
ETH-USD,1643.85000000,2023-02-28 18:03:08
ETH-USD,1643.85000000,2023-02-28 18:03:08
ETH-USD,1643.85000000,2023-02-28 18:03:08
ETH-USD,1643.84000000,2023-02-28 18:03:08
ETH-USD,1643.84000000,2023-02-28 18:03:08
ETH-USD,1643.82000000,2023-02-28 18:03:08
ETH-USD,1643.80000000,2023-02-28 18:03:08
ETH-USD,1643.78000000,2023-02-28 18:03:08
ETH-USD,1643.78000000,2023-02-28 18:03:08
ETH-USD,1643.78000000,2023-02-28 18:03:08
ETH-USD,1643.78000000,2023-02-28 18:03:08
ETH-USD,1643.78000000,2023-02-28 18:03:08
ETH-USD,1643.78000000,2023-02-28 18:03:08
ETH-USD,1643.78000000,2023-02-28 18:03:08
ETH-USD,1643.77000000,2023-02-28 18:03:08
ETH-USD,1643.77000000,2023-02-28 18:03:08
ETH-USD,1643.77000000,2023-02-28 18:03:08
ETH-USD,1643.74000000,2023-02-28 18:03:08
ETH-USD,1643.68000000,2023-02-28 18:03:08
ETH-USD,1643.67000000,2023-02-28 18:03:08
ETH-USD,1643.65000000,2023-02-28 18:03:08
ETH-USD,1643.64000000,2023-02-28 18:03:08
ETH-USD,1643.60000000,2023-02-28 18:03:08
ETH-USD,1643.59000000,2023-02-28 18:03:08
ETH-USD,1643.57000000,2023-02-28 18:03:09
ETH-USD,1643.58000000,2023-02-28 18:03:09
ETH-USD,1643.58000000,2023-02-28 18:03:09
ETH-USD,1643.58000000,2023-02-28 18:03:10
ETH-USD,1643.58000000,2023-02-28 18:03:10
ETH-USD,1643.58000000,2023-02-28 18:03:10
ETH-USD,1643.58000000,2023-02-28 18:03:10
ETH-USD,1643.58000000,2023-02-28 18:03:10
ETH-USD,1643.58000000,2023-02-28 18:03:10
ETH-USD,1643.58000000,2023-02-28 18:03:10
ETH-USD,1643.58000000,2023-02-28 18:03:11
ETH-USD,1643.58000000,2023-02-28 18:03:11
ETH-USD,1643.58000000,2023-02-28 18:03:11
ETH-USD,1643.58000000,2023-02-28 18:03:11
ETH-USD,1643.58000000,2023-02-28 18:03:11
ETH-USD,1643.58000000,2023-02-28 18:03:11
ETH-USD,1643.58000000,2023-02-28 18:03:11
ETH-USD,1643.57000000,2023-02-28 18:03:12
ETH-USD,1643.58000000,2023-02-28 18:03:12
ETH-USD,1643.58000000,2023-02-28 18:03:12
ETH-USD,1643.58000000,2023-02-28 18:03:12
ETH-USD,1643.58000000,2023-02-28 18:03:12
ETH-USD,1643.58000000,2023-02-28 18:03:12
ETH-USD,1643.58000000,2023-02-28 18:03:12
ETH-USD,1643.58000000,2023-02-28 18:03:12
ETH-USD,1643.58000000,2023-02-28 18:03:12
ETH-USD,1643.58000000,2023-02-28 18:03:13
ETH-USD,1643.58000000,2023-02-28 18:03:13
ETH-USD,1643.58000000,2023-02-28 18:03:13
ETH-USD,1643.58000000,2023-02-28 18:03:13
ETH-USD,1643.58000000,2023-02-28 18:03:13
ETH-USD,1643.58000000,2023-02-28 18:03:13
ETH-USD,1643.58000000,2023-02-28 18:03:13
ETH-USD,1643.58000000,2023-02-28 18:03:13
ETH-USD,1643.58000000,2023-02-28 18:03:13
ETH-USD,1643.58000000,2023-02-28 18:03:13
ETH-USD,1643.58000000,2023-02-28 18:03:13
ETH-USD,1643.58000000,2023-02-28 18:03:13
ETH-USD,1643.58000000,2023-02-28 18:03:13
ETH-USD,1643.58000000,2023-02-28 18:03:13
ETH-USD,1643.58000000,2023-02-28 18:03:14
ETH-USD,1643.58000000,2023-02-28 18:03:14
ETH-USD,1643.58000000,2023-02-28 18:03:14
ETH-USD,1643.58000000,2023-02-28 18:03:14
ETH-USD,1643.58000000,2023-02-28 18:03:14
ETH-USD,1643.58000000,2023-02-28 18:03:14
ETH-USD,1643.58000000,2023-02-28 18:03:14
ETH-USD,1643.58000000,2023-02-28 18:03:14
ETH-USD,1643.58000000,2023-02-28 18:03:14
ETH-USD,1643.58000000,2023-02-28 18:03:14
ETH-USD,1643.58000000,2023-02-28 18:03:14
ETH-USD,1643.58000000,2023-02-28 18:03:14
ETH-USD,1643.58000000,2023-02-28 18:03:14
ETH-USD,1643.58000000,2023-02-28 18:03:14
ETH-USD,1643.58000000,2023-02-28 18:03:14
ETH-USD,1643.58000000,2023-02-28 18:03:14
ETH-USD,1643.58000000,2023-02-28 18:03:14
ETH-USD,1643.58000000,2023-02-28 18:03:14
ETH-USD,1643.58000000,2023-02-28 18:03:14
ETH-USD,1643.57000000,2023-02-28 18:03:14
ETH-USD,1643.57000000,2023-02-28 18:03:14
ETH-USD,1643.58000000,2023-02-28 18:03:14
ETH-USD,1643.58000000,2023-02-28 18:03:14
ETH-USD,1643.58000000,2023-02-28 18:03:15
ETH-USD,1643.58000000,2023-02-28 18:03:15
ETH-USD,1643.58000000,2023-02-28 18:03:15
ETH-USD,1643.58000000,2023-02-28 18:03:15
ETH-USD,1643.58000000,2023-02-28 18:03:15
ETH-USD,1643.58000000,2023-02-28 18:03:15
ETH-USD,1643.58000000,2023-02-28 18:03:15
ETH-USD,1643.58000000,2023-02-28 18:03:15
ETH-USD,1643.58000000,2023-02-28 18:03:15
ETH-USD,1643.58000000,2023-02-28 18:03:15
ETH-USD,1643.58000000,2023-02-28 18:03:15
ETH-USD,1643.58000000,2023-02-28 18:03:15
ETH-USD,1643.58000000,2023-02-28 18:03:15
ETH-USD,1643.58000000,2023-02-28 18:03:15
ETH-USD,1643.58000000,2023-02-28 18:03:15
ETH-USD,1643.58000000,2023-02-28 18:03:15
ETH-USD,1643.58000000,2023-02-28 18:03:15
ETH-USD,1643.58000000,2023-02-28 18:03:16
ETH-USD,1643.58000000,2023-02-28 18:03:16
ETH-USD,1643.58000000,2023-02-28 18:03:16
ETH-USD,1643.58000000,2023-02-28 18:03:17
ETH-USD,1643.58000000,2023-02-28 18:03:17
ETH-USD,1643.58000000,2023-02-28 18:03:19
ETH-USD,1643.58000000,2023-02-28 18:03:19
ETH-USD,1643.58000000,2023-02-28 18:03:19
ETH-USD,1643.58000000,2023-02-28 18:03:19
ETH-USD,1643.57000000,2023-02-28 18:03:19
ETH-USD,1643.58000000,2023-02-28 18:03:20
ETH-USD,1643.57000000,2023-02-28 18:03:20
ETH-USD,1643.57000000,2023-02-28 18:03:20
ETH-USD,1643.58000000,2023-02-28 18:03:20
ETH-USD,1643.58000000,2023-02-28 18:03:20
ETH-USD,1643.58000000,2023-02-28 18:03:20
ETH-USD,1643.57000000,2023-02-28 18:03:20
ETH-USD,1643.57000000,2023-02-28 18:03:20
ETH-USD,1643.57000000,2023-02-28 18:03:21
ETH-USD,1643.58000000,2023-02-28 18:03:21
ETH-USD,1643.58000000,2023-02-28 18:03:21
ETH-USD,1643.58000000,2023-02-28 18:03:21
ETH-USD,1643.58000000,2023-02-28 18:03:21
ETH-USD,1643.58000000,2023-02-28 18:03:21
ETH-USD,1643.58000000,2023-02-28 18:03:21
ETH-USD,1643.58000000,2023-02-28 18:03:21
ETH-USD,1643.58000000,2023-02-28 18:03:21
ETH-USD,1643.58000000,2023-02-28 18:03:21
ETH-USD,1643.58000000,2023-02-28 18:03:21
ETH-USD,1643.58000000,2023-02-28 18:03:21
ETH-USD,1643.58000000,2023-02-28 18:03:21
ETH-USD,1643.58000000,2023-02-28 18:03:22
ETH-USD,1643.58000000,2023-02-28 18:03:22
ETH-USD,1643.58000000,2023-02-28 18:03:22
ETH-USD,1643.58000000,2023-02-28 18:03:22
ETH-USD,1643.58000000,2023-02-28 18:03:22
ETH-USD,1643.57000000,2023-02-28 18:03:22
ETH-USD,1643.58000000,2023-02-28 18:03:22
ETH-USD,1643.58000000,2023-02-28 18:03:22
ETH-USD,1643.58000000,2023-02-28 18:03:22
ETH-USD,1643.58000000,2023-02-28 18:03:22
ETH-USD,1643.58000000,2023-02-28 18:03:22
ETH-USD,1643.58000000,2023-02-28 18:03:22
ETH-USD,1643.58000000,2023-02-28 18:03:22
ETH-USD,1643.58000000,2023-02-28 18:03:22
ETH-USD,1643.58000000,2023-02-28 18:03:22
ETH-USD,1643.58000000,2023-02-28 18:03:22
ETH-USD,1643.58000000,2023-02-28 18:03:22
ETH-USD,1643.58000000,2023-02-28 18:03:22
ETH-USD,1643.58000000,2023-02-28 18:03:22
ETH-USD,1643.58000000,2023-02-28 18:03:22
ETH-USD,1643.58000000,2023-02-28 18:03:23
ETH-USD,1643.58000000,2023-02-28 18:03:23
ETH-USD,1643.58000000,2023-02-28 18:03:23
ETH-USD,1643.58000000,2023-02-28 18:03:23
ETH-USD,1643.58000000,2023-02-28 18:03:23
ETH-USD,1643.58000000,2023-02-28 18:03:23
ETH-USD,1643.58000000,2023-02-28 18:03:23
ETH-USD,1643.58000000,2023-02-28 18:03:23
ETH-USD,1643.58000000,2023-02-28 18:03:23
ETH-USD,1643.58000000,2023-02-28 18:03:23
ETH-USD,1643.58000000,2023-02-28 18:03:23
ETH-USD,1643.58000000,2023-02-28 18:03:23
ETH-USD,1643.58000000,2023-02-28 18:03:23
ETH-USD,1643.58000000,2023-02-28 18:03:23
ETH-USD,1643.59000000,2023-02-28 18:03:23
ETH-USD,1643.60000000,2023-02-28 18:03:23
ETH-USD,1643.62000000,2023-02-28 18:03:23
ETH-USD,1643.67000000,2023-02-28 18:03:23
ETH-USD,1643.67000000,2023-02-28 18:03:23
ETH-USD,1643.68000000,2023-02-28 18:03:23
ETH-USD,1643.70000000,2023-02-28 18:03:23
ETH-USD,1643.72000000,2023-02-28 18:03:24
ETH-USD,1643.72000000,2023-02-28 18:03:24
ETH-USD,1643.74000000,2023-02-28 18:03:24
ETH-USD,1643.76000000,2023-02-28 18:03:24
ETH-USD,1643.77000000,2023-02-28 18:03:24
ETH-USD,1643.77000000,2023-02-28 18:03:24
ETH-USD,1643.77000000,2023-02-28 18:03:24
ETH-USD,1643.77000000,2023-02-28 18:03:24
ETH-USD,1643.77000000,2023-02-28 18:03:24
ETH-USD,1643.77000000,2023-02-28 18:03:24
ETH-USD,1643.77000000,2023-02-28 18:03:24
ETH-USD,1643.77000000,2023-02-28 18:03:24
ETH-USD,1643.77000000,2023-02-28 18:03:24
ETH-USD,1643.76000000,2023-02-28 18:03:25
ETH-USD,1643.77000000,2023-02-28 18:03:25
ETH-USD,1643.79000000,2023-02-28 18:03:25
ETH-USD,1643.80000000,2023-02-28 18:03:25
ETH-USD,1643.80000000,2023-02-28 18:03:25
ETH-USD,1643.80000000,2023-02-28 18:03:25
ETH-USD,1643.80000000,2023-02-28 18:03:25
ETH-USD,1643.80000000,2023-02-28 18:03:25
ETH-USD,1643.80000000,2023-02-28 18:03:25
ETH-USD,1643.79000000,2023-02-28 18:03:25
ETH-USD,1643.80000000,2023-02-28 18:03:25
ETH-USD,1643.81000000,2023-02-28 18:03:25
ETH-USD,1643.82000000,2023-02-28 18:03:25
ETH-USD,1643.82000000,2023-02-28 18:03:25
ETH-USD,1643.82000000,2023-02-28 18:03:25
ETH-USD,1643.82000000,2023-02-28 18:03:25
ETH-USD,1643.84000000,2023-02-28 18:03:25
ETH-USD,1643.84000000,2023-02-28 18:03:25
ETH-USD,1643.84000000,2023-02-28 18:03:25
ETH-USD,1643.85000000,2023-02-28 18:03:25
ETH-USD,1643.86000000,2023-02-28 18:03:26
ETH-USD,1643.85000000,2023-02-28 18:03:26
ETH-USD,1643.86000000,2023-02-28 18:03:26
ETH-USD,1643.86000000,2023-02-28 18:03:26
ETH-USD,1643.86000000,2023-02-28 18:03:26
ETH-USD,1643.87000000,2023-02-28 18:03:26
ETH-USD,1643.88000000,2023-02-28 18:03:26
ETH-USD,1643.88000000,2023-02-28 18:03:26
ETH-USD,1643.88000000,2023-02-28 18:03:26
ETH-USD,1643.88000000,2023-02-28 18:03:26
ETH-USD,1643.88000000,2023-02-28 18:03:26
ETH-USD,1643.88000000,2023-02-28 18:03:26
ETH-USD,1643.88000000,2023-02-28 18:03:27
ETH-USD,1643.88000000,2023-02-28 18:03:27
ETH-USD,1643.88000000,2023-02-28 18:03:27
ETH-USD,1643.87000000,2023-02-28 18:03:28
ETH-USD,1643.88000000,2023-02-28 18:03:29
ETH-USD,1643.87000000,2023-02-28 18:03:30
ETH-USD,1643.88000000,2023-02-28 18:03:30
ETH-USD,1643.88000000,2023-02-28 18:03:32
ETH-USD,1643.88000000,2023-02-28 18:03:32
ETH-USD,1643.88000000,2023-02-28 18:03:32
ETH-USD,1643.88000000,2023-02-28 18:03:34
ETH-USD,1643.88000000,2023-02-28 18:03:34
ETH-USD,1643.88000000,2023-02-28 18:03:34
ETH-USD,1643.88000000,2023-02-28 18:03:34
ETH-USD,1643.88000000,2023-02-28 18:03:34
ETH-USD,1643.88000000,2023-02-28 18:03:34
ETH-USD,1643.95000000,2023-02-28 18:03:34
ETH-USD,1643.95000000,2023-02-28 18:03:34
ETH-USD,1644.01000000,2023-02-28 18:03:34
ETH-USD,1644.01000000,2023-02-28 18:03:34
ETH-USD,1644.00000000,2023-02-28 18:03:35
ETH-USD,1644.00000000,2023-02-28 18:03:35
ETH-USD,1644.00000000,2023-02-28 18:03:35
ETH-USD,1644.00000000,2023-02-28 18:03:35
ETH-USD,1644.00000000,2023-02-28 18:03:35
ETH-USD,1644.01000000,2023-02-28 18:03:35
ETH-USD,1644.01000000,2023-02-28 18:03:36
ETH-USD,1644.00000000,2023-02-28 18:03:36
ETH-USD,1644.00000000,2023-02-28 18:03:37
ETH-USD,1644.01000000,2023-02-28 18:03:37
ETH-USD,1644.01000000,2023-02-28 18:03:37
ETH-USD,1644.01000000,2023-02-28 18:03:37
ETH-USD,1644.01000000,2023-02-28 18:03:37
ETH-USD,1644.01000000,2023-02-28 18:03:37
ETH-USD,1644.02000000,2023-02-28 18:03:37
ETH-USD,1644.03000000,2023-02-28 18:03:37
ETH-USD,1644.04000000,2023-02-28 18:03:37
ETH-USD,1644.07000000,2023-02-28 18:03:37
ETH-USD,1644.07000000,2023-02-28 18:03:37
ETH-USD,1644.07000000,2023-02-28 18:03:37
ETH-USD,1644.07000000,2023-02-28 18:03:37
ETH-USD,1644.08000000,2023-02-28 18:03:37
ETH-USD,1644.09000000,2023-02-28 18:03:37
ETH-USD,1644.10000000,2023-02-28 18:03:37
ETH-USD,1644.10000000,2023-02-28 18:03:37
ETH-USD,1644.12000000,2023-02-28 18:03:37
ETH-USD,1644.13000000,2023-02-28 18:03:37
ETH-USD,1644.16000000,2023-02-28 18:03:37
ETH-USD,1644.16000000,2023-02-28 18:03:37
ETH-USD,1644.18000000,2023-02-28 18:03:37
ETH-USD,1644.20000000,2023-02-28 18:03:37
ETH-USD,1644.20000000,2023-02-28 18:03:37
ETH-USD,1644.21000000,2023-02-28 18:03:37
ETH-USD,1644.22000000,2023-02-28 18:03:37
ETH-USD,1644.23000000,2023-02-28 18:03:37
ETH-USD,1644.24000000,2023-02-28 18:03:37
ETH-USD,1644.25000000,2023-02-28 18:03:37
ETH-USD,1644.25000000,2023-02-28 18:03:37
ETH-USD,1644.30000000,2023-02-28 18:03:37
ETH-USD,1644.31000000,2023-02-28 18:03:37
ETH-USD,1644.31000000,2023-02-28 18:03:37
ETH-USD,1644.30000000,2023-02-28 18:03:37
ETH-USD,1644.31000000,2023-02-28 18:03:38
ETH-USD,1644.31000000,2023-02-28 18:03:38
ETH-USD,1644.31000000,2023-02-28 18:03:38
ETH-USD,1644.30000000,2023-02-28 18:03:40
ETH-USD,1644.31000000,2023-02-28 18:03:42
ETH-USD,1644.30000000,2023-02-28 18:03:42
ETH-USD,1644.31000000,2023-02-28 18:03:42
ETH-USD,1644.30000000,2023-02-28 18:03:44
ETH-USD,1644.31000000,2023-02-28 18:03:45
ETH-USD,1644.31000000,2023-02-28 18:03:46
ETH-USD,1644.31000000,2023-02-28 18:03:47
ETH-USD,1644.31000000,2023-02-28 18:03:47
ETH-USD,1644.30000000,2023-02-28 18:03:48
ETH-USD,1644.30000000,2023-02-28 18:03:49
ETH-USD,1644.31000000,2023-02-28 18:03:49
ETH-USD,1644.31000000,2023-02-28 18:03:50
ETH-USD,1644.31000000,2023-02-28 18:03:50
ETH-USD,1644.31000000,2023-02-28 18:03:50
ETH-USD,1644.31000000,2023-02-28 18:03:50
ETH-USD,1644.31000000,2023-02-28 18:03:50
ETH-USD,1644.30000000,2023-02-28 18:03:51
ETH-USD,1644.31000000,2023-02-28 18:03:51
ETH-USD,1644.31000000,2023-02-28 18:03:51
ETH-USD,1644.31000000,2023-02-28 18:03:51
ETH-USD,1644.31000000,2023-02-28 18:03:51
ETH-USD,1644.31000000,2023-02-28 18:03:51
ETH-USD,1644.31000000,2023-02-28 18:03:51
ETH-USD,1644.31000000,2023-02-28 18:03:51
ETH-USD,1644.31000000,2023-02-28 18:03:51
ETH-USD,1644.31000000,2023-02-28 18:03:51
ETH-USD,1644.31000000,2023-02-28 18:03:51
ETH-USD,1644.31000000,2023-02-28 18:03:51
ETH-USD,1644.37000000,2023-02-28 18:03:51
ETH-USD,1644.37000000,2023-02-28 18:03:52
ETH-USD,1644.38000000,2023-02-28 18:03:52
ETH-USD,1644.38000000,2023-02-28 18:03:52
ETH-USD,1644.38000000,2023-02-28 18:03:52
ETH-USD,1644.38000000,2023-02-28 18:03:52
ETH-USD,1644.38000000,2023-02-28 18:03:52
ETH-USD,1644.38000000,2023-02-28 18:03:52
ETH-USD,1644.38000000,2023-02-28 18:03:52
ETH-USD,1644.38000000,2023-02-28 18:03:52
ETH-USD,1644.37000000,2023-02-28 18:03:54
ETH-USD,1644.37000000,2023-02-28 18:03:54
ETH-USD,1644.38000000,2023-02-28 18:03:55
ETH-USD,1644.38000000,2023-02-28 18:03:55
ETH-USD,1644.38000000,2023-02-28 18:03:55
ETH-USD,1644.38000000,2023-02-28 18:03:57
ETH-USD,1644.38000000,2023-02-28 18:03:58
ETH-USD,1644.37000000,2023-02-28 18:03:58
ETH-USD,1644.38000000,2023-02-28 18:03:58
ETH-USD,1644.37000000,2023-02-28 18:03:58
ETH-USD,1644.37000000,2023-02-28 18:03:58
ETH-USD,1644.38000000,2023-02-28 18:03:59
ETH-USD,1644.37000000,2023-02-28 18:03:59
ETH-USD,1644.37000000,2023-02-28 18:03:59
ETH-USD,1644.37000000,2023-02-28 18:03:59
ETH-USD,1644.37000000,2023-02-28 18:03:59
ETH-USD,1644.37000000,2023-02-28 18:03:59
ETH-USD,1644.37000000,2023-02-28 18:03:59
ETH-USD,1644.38000000,2023-02-28 18:03:59
ETH-USD,1644.37000000,2023-02-28 18:03:59
ETH-USD,1644.38000000,2023-02-28 18:03:59
ETH-USD,1644.38000000,2023-02-28 18:03:59
ETH-USD,1644.38000000,2023-02-28 18:03:59
ETH-USD,1644.37000000,2023-02-28 18:03:59
ETH-USD,1644.38000000,2023-02-28 18:03:59
ETH-USD,1644.38000000,2023-02-28 18:03:59
ETH-USD,1644.37000000,2023-02-28 18:03:59
ETH-USD,1644.37000000,2023-02-28 18:03:59
ETH-USD,1644.38000000,2023-02-28 18:03:59
ETH-USD,1644.37000000,2023-02-28 18:03:59
ETH-USD,1644.38000000,2023-02-28 18:03:59
ETH-USD,1644.37000000,2023-02-28 18:04:00
ETH-USD,1644.38000000,2023-02-28 18:04:00
ETH-USD,1644.37000000,2023-02-28 18:04:00
ETH-USD,1644.38000000,2023-02-28 18:04:00
ETH-USD,1644.38000000,2023-02-28 18:04:00
ETH-USD,1644.37000000,2023-02-28 18:04:00
ETH-USD,1644.38000000,2023-02-28 18:04:00
ETH-USD,1644.37000000,2023-02-28 18:04:00
ETH-USD,1644.38000000,2023-02-28 18:04:00
ETH-USD,1644.38000000,2023-02-28 18:04:00
ETH-USD,1644.38000000,2023-02-28 18:04:00
ETH-USD,1644.37000000,2023-02-28 18:04:00
ETH-USD,1644.37000000,2023-02-28 18:04:00
ETH-USD,1644.37000000,2023-02-28 18:04:00
ETH-USD,1644.37000000,2023-02-28 18:04:00
ETH-USD,1644.37000000,2023-02-28 18:04:01
ETH-USD,1644.38000000,2023-02-28 18:04:01
ETH-USD,1644.37000000,2023-02-28 18:04:01
ETH-USD,1644.37000000,2023-02-28 18:04:02
ETH-USD,1644.38000000,2023-02-28 18:04:05
ETH-USD,1644.37000000,2023-02-28 18:04:05
ETH-USD,1644.38000000,2023-02-28 18:04:05
ETH-USD,1644.37000000,2023-02-28 18:04:05
ETH-USD,1644.37000000,2023-02-28 18:04:06
ETH-USD,1644.37000000,2023-02-28 18:04:06
ETH-USD,1644.37000000,2023-02-28 18:04:06
ETH-USD,1644.37000000,2023-02-28 18:04:06
ETH-USD,1644.37000000,2023-02-28 18:04:06
ETH-USD,1644.37000000,2023-02-28 18:04:06
ETH-USD,1644.37000000,2023-02-28 18:04:06
ETH-USD,1644.37000000,2023-02-28 18:04:06
ETH-USD,1644.37000000,2023-02-28 18:04:06
ETH-USD,1644.38000000,2023-02-28 18:04:07
ETH-USD,1644.37000000,2023-02-28 18:04:08
ETH-USD,1644.37000000,2023-02-28 18:04:11
ETH-USD,1644.37000000,2023-02-28 18:04:13
ETH-USD,1644.37000000,2023-02-28 18:04:13
ETH-USD,1644.38000000,2023-02-28 18:04:13
ETH-USD,1644.38000000,2023-02-28 18:04:13
ETH-USD,1644.37000000,2023-02-28 18:04:14
ETH-USD,1644.37000000,2023-02-28 18:04:14
ETH-USD,1644.37000000,2023-02-28 18:04:14
ETH-USD,1644.37000000,2023-02-28 18:04:14
ETH-USD,1644.37000000,2023-02-28 18:04:14
ETH-USD,1644.38000000,2023-02-28 18:04:15
ETH-USD,1644.38000000,2023-02-28 18:04:16
ETH-USD,1644.38000000,2023-02-28 18:04:17
ETH-USD,1644.37000000,2023-02-28 18:04:18
ETH-USD,1644.37000000,2023-02-28 18:04:18
ETH-USD,1644.38000000,2023-02-28 18:04:18
ETH-USD,1644.37000000,2023-02-28 18:04:18
ETH-USD,1644.37000000,2023-02-28 18:04:20
ETH-USD,1644.37000000,2023-02-28 18:04:20
ETH-USD,1644.37000000,2023-02-28 18:04:21
ETH-USD,1644.38000000,2023-02-28 18:04:22
ETH-USD,1644.37000000,2023-02-28 18:04:22
ETH-USD,1644.38000000,2023-02-28 18:04:23
ETH-USD,1644.37000000,2023-02-28 18:04:23
ETH-USD,1644.38000000,2023-02-28 18:04:24
ETH-USD,1644.38000000,2023-02-28 18:04:24
ETH-USD,1644.37000000,2023-02-28 18:04:24
ETH-USD,1644.38000000,2023-02-28 18:04:24
ETH-USD,1644.38000000,2023-02-28 18:04:24
ETH-USD,1644.37000000,2023-02-28 18:04:25
ETH-USD,1644.38000000,2023-02-28 18:04:26
ETH-USD,1644.38000000,2023-02-28 18:04:26
ETH-USD,1644.38000000,2023-02-28 18:04:26
ETH-USD,1644.38000000,2023-02-28 18:04:26
ETH-USD,1644.38000000,2023-02-28 18:04:26
ETH-USD,1644.38000000,2023-02-28 18:04:26
ETH-USD,1644.38000000,2023-02-28 18:04:26
ETH-USD,1644.38000000,2023-02-28 18:04:26
ETH-USD,1644.38000000,2023-02-28 18:04:26
ETH-USD,1644.38000000,2023-02-28 18:04:26
ETH-USD,1644.38000000,2023-02-28 18:04:26
ETH-USD,1644.39000000,2023-02-28 18:04:26
ETH-USD,1644.40000000,2023-02-28 18:04:26
ETH-USD,1644.40000000,2023-02-28 18:04:26
ETH-USD,1644.40000000,2023-02-28 18:04:26
ETH-USD,1644.41000000,2023-02-28 18:04:26
ETH-USD,1644.41000000,2023-02-28 18:04:26
ETH-USD,1644.44000000,2023-02-28 18:04:26
ETH-USD,1644.44000000,2023-02-28 18:04:26
ETH-USD,1644.45000000,2023-02-28 18:04:26
ETH-USD,1644.46000000,2023-02-28 18:04:26
ETH-USD,1644.47000000,2023-02-28 18:04:26
ETH-USD,1644.47000000,2023-02-28 18:04:26
ETH-USD,1644.47000000,2023-02-28 18:04:26
ETH-USD,1644.48000000,2023-02-28 18:04:26
ETH-USD,1644.48000000,2023-02-28 18:04:26
ETH-USD,1644.49000000,2023-02-28 18:04:26
ETH-USD,1644.50000000,2023-02-28 18:04:26
ETH-USD,1644.50000000,2023-02-28 18:04:26
ETH-USD,1644.50000000,2023-02-28 18:04:26
ETH-USD,1644.51000000,2023-02-28 18:04:26
ETH-USD,1644.54000000,2023-02-28 18:04:26
ETH-USD,1644.54000000,2023-02-28 18:04:26
ETH-USD,1644.55000000,2023-02-28 18:04:26
ETH-USD,1644.57000000,2023-02-28 18:04:26
ETH-USD,1644.57000000,2023-02-28 18:04:26
ETH-USD,1644.58000000,2023-02-28 18:04:26
ETH-USD,1644.59000000,2023-02-28 18:04:26
ETH-USD,1644.61000000,2023-02-28 18:04:26
ETH-USD,1644.63000000,2023-02-28 18:04:26
ETH-USD,1644.65000000,2023-02-28 18:04:26
ETH-USD,1644.65000000,2023-02-28 18:04:26
ETH-USD,1644.65000000,2023-02-28 18:04:26
ETH-USD,1644.65000000,2023-02-28 18:04:26
ETH-USD,1644.65000000,2023-02-28 18:04:26
ETH-USD,1644.65000000,2023-02-28 18:04:26
ETH-USD,1644.65000000,2023-02-28 18:04:26
ETH-USD,1644.65000000,2023-02-28 18:04:26
ETH-USD,1644.66000000,2023-02-28 18:04:26
ETH-USD,1644.66000000,2023-02-28 18:04:26
ETH-USD,1644.66000000,2023-02-28 18:04:26
ETH-USD,1644.66000000,2023-02-28 18:04:26
ETH-USD,1644.66000000,2023-02-28 18:04:26
ETH-USD,1644.66000000,2023-02-28 18:04:26
ETH-USD,1644.67000000,2023-02-28 18:04:26
ETH-USD,1644.69000000,2023-02-28 18:04:26
ETH-USD,1644.71000000,2023-02-28 18:04:26
ETH-USD,1644.71000000,2023-02-28 18:04:26
ETH-USD,1644.70000000,2023-02-28 18:04:27
ETH-USD,1644.70000000,2023-02-28 18:04:27
ETH-USD,1644.70000000,2023-02-28 18:04:27
ETH-USD,1644.70000000,2023-02-28 18:04:27
ETH-USD,1644.70000000,2023-02-28 18:04:28
ETH-USD,1644.70000000,2023-02-28 18:04:28
ETH-USD,1644.70000000,2023-02-28 18:04:29
ETH-USD,1644.70000000,2023-02-28 18:04:29
ETH-USD,1644.70000000,2023-02-28 18:04:30
ETH-USD,1644.70000000,2023-02-28 18:04:30
ETH-USD,1644.70000000,2023-02-28 18:04:30
ETH-USD,1644.70000000,2023-02-28 18:04:30
ETH-USD,1644.70000000,2023-02-28 18:04:30
ETH-USD,1644.70000000,2023-02-28 18:04:31
ETH-USD,1644.71000000,2023-02-28 18:04:31
ETH-USD,1644.71000000,2023-02-28 18:04:31
ETH-USD,1644.71000000,2023-02-28 18:04:31
ETH-USD,1644.70000000,2023-02-28 18:04:32
ETH-USD,1644.70000000,2023-02-28 18:04:32
ETH-USD,1644.71000000,2023-02-28 18:04:33
ETH-USD,1644.70000000,2023-02-28 18:04:34
ETH-USD,1644.70000000,2023-02-28 18:04:35
ETH-USD,1644.70000000,2023-02-28 18:04:35
ETH-USD,1644.70000000,2023-02-28 18:04:35
ETH-USD,1644.71000000,2023-02-28 18:04:36
ETH-USD,1644.71000000,2023-02-28 18:04:37
ETH-USD,1644.71000000,2023-02-28 18:04:37
ETH-USD,1644.71000000,2023-02-28 18:04:38
ETH-USD,1644.71000000,2023-02-28 18:04:39
ETH-USD,1644.71000000,2023-02-28 18:04:40
ETH-USD,1644.71000000,2023-02-28 18:04:41
ETH-USD,1644.70000000,2023-02-28 18:04:41
ETH-USD,1644.71000000,2023-02-28 18:04:41
ETH-USD,1644.70000000,2023-02-28 18:04:42
ETH-USD,1644.71000000,2023-02-28 18:04:45
ETH-USD,1644.71000000,2023-02-28 18:04:45
ETH-USD,1644.71000000,2023-02-28 18:04:45
ETH-USD,1644.71000000,2023-02-28 18:04:45
ETH-USD,1644.71000000,2023-02-28 18:04:45
ETH-USD,1644.71000000,2023-02-28 18:04:45
ETH-USD,1644.71000000,2023-02-28 18:04:45
ETH-USD,1644.71000000,2023-02-28 18:04:45
ETH-USD,1644.71000000,2023-02-28 18:04:45
ETH-USD,1644.71000000,2023-02-28 18:04:45
ETH-USD,1644.71000000,2023-02-28 18:04:45
ETH-USD,1644.72000000,2023-02-28 18:04:45
ETH-USD,1644.75000000,2023-02-28 18:04:47
ETH-USD,1644.75000000,2023-02-28 18:04:47
ETH-USD,1644.75000000,2023-02-28 18:04:48
ETH-USD,1644.75000000,2023-02-28 18:04:49
ETH-USD,1644.74000000,2023-02-28 18:04:49
ETH-USD,1644.74000000,2023-02-28 18:04:49
ETH-USD,1644.74000000,2023-02-28 18:04:49
ETH-USD,1644.74000000,2023-02-28 18:04:49
ETH-USD,1644.75000000,2023-02-28 18:04:50
ETH-USD,1644.74000000,2023-02-28 18:04:52
ETH-USD,1644.74000000,2023-02-28 18:04:52
ETH-USD,1644.75000000,2023-02-28 18:04:52
ETH-USD,1644.75000000,2023-02-28 18:04:52
ETH-USD,1644.75000000,2023-02-28 18:04:52
ETH-USD,1644.75000000,2023-02-28 18:04:52
ETH-USD,1644.75000000,2023-02-28 18:04:52
ETH-USD,1644.75000000,2023-02-28 18:04:53
ETH-USD,1644.75000000,2023-02-28 18:04:53
ETH-USD,1644.75000000,2023-02-28 18:04:53
ETH-USD,1644.75000000,2023-02-28 18:04:54
ETH-USD,1644.75000000,2023-02-28 18:04:54
ETH-USD,1644.74000000,2023-02-28 18:04:55
ETH-USD,1644.75000000,2023-02-28 18:04:56
ETH-USD,1644.75000000,2023-02-28 18:04:56
ETH-USD,1644.74000000,2023-02-28 18:04:56
ETH-USD,1644.75000000,2023-02-28 18:04:57
ETH-USD,1644.75000000,2023-02-28 18:04:57
ETH-USD,1644.75000000,2023-02-28 18:04:57
ETH-USD,1644.74000000,2023-02-28 18:04:57
ETH-USD,1644.74000000,2023-02-28 18:04:58
ETH-USD,1644.75000000,2023-02-28 18:04:58
ETH-USD,1644.74000000,2023-02-28 18:04:59
ETH-USD,1644.74000000,2023-02-28 18:04:59
ETH-USD,1644.75000000,2023-02-28 18:04:59
ETH-USD,1644.75000000,2023-02-28 18:04:59
ETH-USD,1644.75000000,2023-02-28 18:04:59
ETH-USD,1644.75000000,2023-02-28 18:04:59
ETH-USD,1644.75000000,2023-02-28 18:04:59
ETH-USD,1644.74000000,2023-02-28 18:04:59
ETH-USD,1644.75000000,2023-02-28 18:04:59
ETH-USD,1644.74000000,2023-02-28 18:04:59
ETH-USD,1644.74000000,2023-02-28 18:04:59
ETH-USD,1644.74000000,2023-02-28 18:04:59
ETH-USD,1644.74000000,2023-02-28 18:04:59
ETH-USD,1644.74000000,2023-02-28 18:05:00
ETH-USD,1644.75000000,2023-02-28 18:05:00
ETH-USD,1644.75000000,2023-02-28 18:05:00
ETH-USD,1644.75000000,2023-02-28 18:05:00
ETH-USD,1644.74000000,2023-02-28 18:05:00
ETH-USD,1644.75000000,2023-02-28 18:05:00
ETH-USD,1644.74000000,2023-02-28 18:05:00
ETH-USD,1644.74000000,2023-02-28 18:05:00
ETH-USD,1644.75000000,2023-02-28 18:05:00
ETH-USD,1644.74000000,2023-02-28 18:05:00
ETH-USD,1644.74000000,2023-02-28 18:05:00
ETH-USD,1644.74000000,2023-02-28 18:05:00
ETH-USD,1644.75000000,2023-02-28 18:05:00
ETH-USD,1644.74000000,2023-02-28 18:05:00
ETH-USD,1644.75000000,2023-02-28 18:05:00
ETH-USD,1644.74000000,2023-02-28 18:05:00
ETH-USD,1644.74000000,2023-02-28 18:05:00
ETH-USD,1644.74000000,2023-02-28 18:05:00
ETH-USD,1644.75000000,2023-02-28 18:05:00
ETH-USD,1644.75000000,2023-02-28 18:05:00
ETH-USD,1644.75000000,2023-02-28 18:05:00
ETH-USD,1644.75000000,2023-02-28 18:05:00
ETH-USD,1644.75000000,2023-02-28 18:05:00
ETH-USD,1644.75000000,2023-02-28 18:05:00
ETH-USD,1644.75000000,2023-02-28 18:05:03
ETH-USD,1644.75000000,2023-02-28 18:05:03
ETH-USD,1644.75000000,2023-02-28 18:05:03
ETH-USD,1644.75000000,2023-02-28 18:05:03
ETH-USD,1644.75000000,2023-02-28 18:05:03
ETH-USD,1644.74000000,2023-02-28 18:05:03
ETH-USD,1644.74000000,2023-02-28 18:05:03
ETH-USD,1644.75000000,2023-02-28 18:05:04
ETH-USD,1644.74000000,2023-02-28 18:05:06
ETH-USD,1644.74000000,2023-02-28 18:05:07
ETH-USD,1644.75000000,2023-02-28 18:05:08
ETH-USD,1644.74000000,2023-02-28 18:05:09
ETH-USD,1644.75000000,2023-02-28 18:05:09
ETH-USD,1644.75000000,2023-02-28 18:05:09
ETH-USD,1644.75000000,2023-02-28 18:05:10
ETH-USD,1644.75000000,2023-02-28 18:05:10
ETH-USD,1644.75000000,2023-02-28 18:05:10
ETH-USD,1644.75000000,2023-02-28 18:05:10
ETH-USD,1644.75000000,2023-02-28 18:05:10
ETH-USD,1644.75000000,2023-02-28 18:05:10
ETH-USD,1644.75000000,2023-02-28 18:05:10
ETH-USD,1644.75000000,2023-02-28 18:05:10
ETH-USD,1644.75000000,2023-02-28 18:05:10
ETH-USD,1644.75000000,2023-02-28 18:05:10
ETH-USD,1644.75000000,2023-02-28 18:05:10
ETH-USD,1644.75000000,2023-02-28 18:05:10
ETH-USD,1644.76000000,2023-02-28 18:05:10
ETH-USD,1644.76000000,2023-02-28 18:05:10
ETH-USD,1644.78000000,2023-02-28 18:05:10
ETH-USD,1644.78000000,2023-02-28 18:05:10
ETH-USD,1644.78000000,2023-02-28 18:05:10
ETH-USD,1644.78000000,2023-02-28 18:05:10
ETH-USD,1644.79000000,2023-02-28 18:05:10
ETH-USD,1644.79000000,2023-02-28 18:05:10
ETH-USD,1644.79000000,2023-02-28 18:05:10
ETH-USD,1644.80000000,2023-02-28 18:05:10
ETH-USD,1644.81000000,2023-02-28 18:05:10
ETH-USD,1644.82000000,2023-02-28 18:05:11
ETH-USD,1644.81000000,2023-02-28 18:05:11
ETH-USD,1644.81000000,2023-02-28 18:05:11
ETH-USD,1644.81000000,2023-02-28 18:05:11
ETH-USD,1644.81000000,2023-02-28 18:05:12
ETH-USD,1644.81000000,2023-02-28 18:05:12
ETH-USD,1644.81000000,2023-02-28 18:05:14
ETH-USD,1644.81000000,2023-02-28 18:05:15
ETH-USD,1644.82000000,2023-02-28 18:05:15
ETH-USD,1644.82000000,2023-02-28 18:05:15
ETH-USD,1644.82000000,2023-02-28 18:05:15
ETH-USD,1644.81000000,2023-02-28 18:05:15
ETH-USD,1644.81000000,2023-02-28 18:05:15
ETH-USD,1644.82000000,2023-02-28 18:05:15
ETH-USD,1644.81000000,2023-02-28 18:05:17
ETH-USD,1644.82000000,2023-02-28 18:05:17
ETH-USD,1644.82000000,2023-02-28 18:05:18
ETH-USD,1644.82000000,2023-02-28 18:05:18
ETH-USD,1644.82000000,2023-02-28 18:05:19
ETH-USD,1644.82000000,2023-02-28 18:05:19
ETH-USD,1644.82000000,2023-02-28 18:05:19
ETH-USD,1644.82000000,2023-02-28 18:05:20
ETH-USD,1644.83000000,2023-02-28 18:05:20
ETH-USD,1644.82000000,2023-02-28 18:05:22
ETH-USD,1644.82000000,2023-02-28 18:05:23
ETH-USD,1644.83000000,2023-02-28 18:05:25
ETH-USD,1644.83000000,2023-02-28 18:05:25
ETH-USD,1644.83000000,2023-02-28 18:05:25
ETH-USD,1644.83000000,2023-02-28 18:05:25
ETH-USD,1644.83000000,2023-02-28 18:05:25
ETH-USD,1644.83000000,2023-02-28 18:05:25
ETH-USD,1644.83000000,2023-02-28 18:05:25
ETH-USD,1644.82000000,2023-02-28 18:05:25
ETH-USD,1644.82000000,2023-02-28 18:05:25
ETH-USD,1644.83000000,2023-02-28 18:05:26
ETH-USD,1644.82000000,2023-02-28 18:05:26
ETH-USD,1644.83000000,2023-02-28 18:05:26
ETH-USD,1644.82000000,2023-02-28 18:05:27
ETH-USD,1644.82000000,2023-02-28 18:05:27
ETH-USD,1644.82000000,2023-02-28 18:05:28
ETH-USD,1644.83000000,2023-02-28 18:05:28
ETH-USD,1644.82000000,2023-02-28 18:05:30
ETH-USD,1644.83000000,2023-02-28 18:05:30
ETH-USD,1644.83000000,2023-02-28 18:05:30
ETH-USD,1644.83000000,2023-02-28 18:05:30
ETH-USD,1644.83000000,2023-02-28 18:05:30
ETH-USD,1644.83000000,2023-02-28 18:05:30
ETH-USD,1644.83000000,2023-02-28 18:05:30
ETH-USD,1644.82000000,2023-02-28 18:05:31
ETH-USD,1644.83000000,2023-02-28 18:05:31
ETH-USD,1644.83000000,2023-02-28 18:05:31
ETH-USD,1644.83000000,2023-02-28 18:05:31
ETH-USD,1644.83000000,2023-02-28 18:05:31
ETH-USD,1644.83000000,2023-02-28 18:05:31
ETH-USD,1644.84000000,2023-02-28 18:05:31
ETH-USD,1644.84000000,2023-02-28 18:05:31
ETH-USD,1644.84000000,2023-02-28 18:05:31
ETH-USD,1644.85000000,2023-02-28 18:05:32
ETH-USD,1644.85000000,2023-02-28 18:05:32
ETH-USD,1644.85000000,2023-02-28 18:05:32
ETH-USD,1644.85000000,2023-02-28 18:05:32
ETH-USD,1644.85000000,2023-02-28 18:05:32
ETH-USD,1644.85000000,2023-02-28 18:05:32
ETH-USD,1644.86000000,2023-02-28 18:05:32
ETH-USD,1644.87000000,2023-02-28 18:05:32
ETH-USD,1644.87000000,2023-02-28 18:05:32
ETH-USD,1644.88000000,2023-02-28 18:05:32
ETH-USD,1644.89000000,2023-02-28 18:05:32
ETH-USD,1644.89000000,2023-02-28 18:05:32
ETH-USD,1644.89000000,2023-02-28 18:05:32
ETH-USD,1644.91000000,2023-02-28 18:05:32
ETH-USD,1644.91000000,2023-02-28 18:05:32
ETH-USD,1644.92000000,2023-02-28 18:05:32
ETH-USD,1644.92000000,2023-02-28 18:05:32
ETH-USD,1644.93000000,2023-02-28 18:05:32
ETH-USD,1644.93000000,2023-02-28 18:05:32
ETH-USD,1644.94000000,2023-02-28 18:05:32
ETH-USD,1644.94000000,2023-02-28 18:05:32
ETH-USD,1644.94000000,2023-02-28 18:05:32
ETH-USD,1644.94000000,2023-02-28 18:05:32
ETH-USD,1644.93000000,2023-02-28 18:05:32
ETH-USD,1644.93000000,2023-02-28 18:05:32
ETH-USD,1644.93000000,2023-02-28 18:05:32
ETH-USD,1644.93000000,2023-02-28 18:05:32
ETH-USD,1644.93000000,2023-02-28 18:05:32
ETH-USD,1644.94000000,2023-02-28 18:05:33
ETH-USD,1644.94000000,2023-02-28 18:05:33
ETH-USD,1644.94000000,2023-02-28 18:05:33
ETH-USD,1644.93000000,2023-02-28 18:05:33
ETH-USD,1644.93000000,2023-02-28 18:05:34
ETH-USD,1644.94000000,2023-02-28 18:05:34
ETH-USD,1644.94000000,2023-02-28 18:05:34
ETH-USD,1644.94000000,2023-02-28 18:05:34
ETH-USD,1644.93000000,2023-02-28 18:05:35
ETH-USD,1644.94000000,2023-02-28 18:05:35
ETH-USD,1644.93000000,2023-02-28 18:05:35
ETH-USD,1644.93000000,2023-02-28 18:05:35
ETH-USD,1644.94000000,2023-02-28 18:05:36
ETH-USD,1644.93000000,2023-02-28 18:05:36
ETH-USD,1644.94000000,2023-02-28 18:05:36
ETH-USD,1644.93000000,2023-02-28 18:05:36
ETH-USD,1644.94000000,2023-02-28 18:05:36
ETH-USD,1644.94000000,2023-02-28 18:05:36
ETH-USD,1644.93000000,2023-02-28 18:05:38
ETH-USD,1644.94000000,2023-02-28 18:05:38
ETH-USD,1644.93000000,2023-02-28 18:05:38
ETH-USD,1644.93000000,2023-02-28 18:05:38
ETH-USD,1644.94000000,2023-02-28 18:05:38
ETH-USD,1644.94000000,2023-02-28 18:05:38
ETH-USD,1644.94000000,2023-02-28 18:05:39
ETH-USD,1644.93000000,2023-02-28 18:05:39
ETH-USD,1644.94000000,2023-02-28 18:05:40
ETH-USD,1644.94000000,2023-02-28 18:05:40
ETH-USD,1644.94000000,2023-02-28 18:05:40
ETH-USD,1644.94000000,2023-02-28 18:05:40
ETH-USD,1644.93000000,2023-02-28 18:05:41
ETH-USD,1644.93000000,2023-02-28 18:05:42
ETH-USD,1644.93000000,2023-02-28 18:05:42
ETH-USD,1644.93000000,2023-02-28 18:05:42
ETH-USD,1644.93000000,2023-02-28 18:05:42
ETH-USD,1644.93000000,2023-02-28 18:05:43
ETH-USD,1644.93000000,2023-02-28 18:05:44
ETH-USD,1644.93000000,2023-02-28 18:05:44
ETH-USD,1644.93000000,2023-02-28 18:05:44
ETH-USD,1644.94000000,2023-02-28 18:05:45
ETH-USD,1644.93000000,2023-02-28 18:05:45
ETH-USD,1644.93000000,2023-02-28 18:05:45
ETH-USD,1644.94000000,2023-02-28 18:05:46
ETH-USD,1644.94000000,2023-02-28 18:05:46
ETH-USD,1644.93000000,2023-02-28 18:05:46
ETH-USD,1644.93000000,2023-02-28 18:05:47
ETH-USD,1644.94000000,2023-02-28 18:05:47
ETH-USD,1644.93000000,2023-02-28 18:05:47
ETH-USD,1644.94000000,2023-02-28 18:05:48
ETH-USD,1644.94000000,2023-02-28 18:05:48
ETH-USD,1644.94000000,2023-02-28 18:05:48
ETH-USD,1644.94000000,2023-02-28 18:05:48
ETH-USD,1644.94000000,2023-02-28 18:05:48
ETH-USD,1644.94000000,2023-02-28 18:05:48
ETH-USD,1644.94000000,2023-02-28 18:05:48
ETH-USD,1644.95000000,2023-02-28 18:05:48
ETH-USD,1644.96000000,2023-02-28 18:05:48
ETH-USD,1644.96000000,2023-02-28 18:05:48
ETH-USD,1644.98000000,2023-02-28 18:05:48
ETH-USD,1644.98000000,2023-02-28 18:05:48
ETH-USD,1644.99000000,2023-02-28 18:05:48
ETH-USD,1644.99000000,2023-02-28 18:05:48
ETH-USD,1644.99000000,2023-02-28 18:05:48
ETH-USD,1644.99000000,2023-02-28 18:05:48
ETH-USD,1644.99000000,2023-02-28 18:05:48
ETH-USD,1644.99000000,2023-02-28 18:05:48
ETH-USD,1644.99000000,2023-02-28 18:05:48
ETH-USD,1645.00000000,2023-02-28 18:05:48
ETH-USD,1645.00000000,2023-02-28 18:05:48
ETH-USD,1645.00000000,2023-02-28 18:05:48
ETH-USD,1645.00000000,2023-02-28 18:05:48
ETH-USD,1645.00000000,2023-02-28 18:05:48
ETH-USD,1645.00000000,2023-02-28 18:05:48
ETH-USD,1645.00000000,2023-02-28 18:05:48
ETH-USD,1645.00000000,2023-02-28 18:05:48
ETH-USD,1645.00000000,2023-02-28 18:05:48
ETH-USD,1645.00000000,2023-02-28 18:05:48
ETH-USD,1645.00000000,2023-02-28 18:05:48
ETH-USD,1645.00000000,2023-02-28 18:05:48
ETH-USD,1645.00000000,2023-02-28 18:05:48
ETH-USD,1645.00000000,2023-02-28 18:05:48
ETH-USD,1645.00000000,2023-02-28 18:05:48
ETH-USD,1645.00000000,2023-02-28 18:05:48
ETH-USD,1645.00000000,2023-02-28 18:05:48
ETH-USD,1645.00000000,2023-02-28 18:05:48
ETH-USD,1644.99000000,2023-02-28 18:05:48
ETH-USD,1644.99000000,2023-02-28 18:05:50
ETH-USD,1644.99000000,2023-02-28 18:05:52
ETH-USD,1644.99000000,2023-02-28 18:05:52
ETH-USD,1644.99000000,2023-02-28 18:05:52
ETH-USD,1645.00000000,2023-02-28 18:05:52
ETH-USD,1644.99000000,2023-02-28 18:05:53
ETH-USD,1644.99000000,2023-02-28 18:05:54
ETH-USD,1644.99000000,2023-02-28 18:05:54
ETH-USD,1644.99000000,2023-02-28 18:05:54
ETH-USD,1644.99000000,2023-02-28 18:05:54
ETH-USD,1644.99000000,2023-02-28 18:05:54
ETH-USD,1644.99000000,2023-02-28 18:05:55
ETH-USD,1644.99000000,2023-02-28 18:05:55
ETH-USD,1644.99000000,2023-02-28 18:05:55
ETH-USD,1644.99000000,2023-02-28 18:05:56
ETH-USD,1644.99000000,2023-02-28 18:05:56
ETH-USD,1644.99000000,2023-02-28 18:05:56
ETH-USD,1644.99000000,2023-02-28 18:05:56
ETH-USD,1644.99000000,2023-02-28 18:05:56
ETH-USD,1645.00000000,2023-02-28 18:05:56
ETH-USD,1644.99000000,2023-02-28 18:05:56
ETH-USD,1644.99000000,2023-02-28 18:05:56
ETH-USD,1645.00000000,2023-02-28 18:05:57
ETH-USD,1645.00000000,2023-02-28 18:05:57
ETH-USD,1645.00000000,2023-02-28 18:05:57
ETH-USD,1645.00000000,2023-02-28 18:05:57
ETH-USD,1645.00000000,2023-02-28 18:05:57
ETH-USD,1645.00000000,2023-02-28 18:05:57
ETH-USD,1645.00000000,2023-02-28 18:05:57
ETH-USD,1645.00000000,2023-02-28 18:05:57
ETH-USD,1645.00000000,2023-02-28 18:05:57
ETH-USD,1645.00000000,2023-02-28 18:05:57
ETH-USD,1645.00000000,2023-02-28 18:05:57
ETH-USD,1645.00000000,2023-02-28 18:05:57
ETH-USD,1645.00000000,2023-02-28 18:05:57
ETH-USD,1645.00000000,2023-02-28 18:05:57
ETH-USD,1645.00000000,2023-02-28 18:05:57
ETH-USD,1645.00000000,2023-02-28 18:05:57
ETH-USD,1645.00000000,2023-02-28 18:05:57
ETH-USD,1645.00000000,2023-02-28 18:05:57
ETH-USD,1645.00000000,2023-02-28 18:05:57
ETH-USD,1645.00000000,2023-02-28 18:05:57
ETH-USD,1645.00000000,2023-02-28 18:05:57
ETH-USD,1645.00000000,2023-02-28 18:05:57
ETH-USD,1645.00000000,2023-02-28 18:05:57
ETH-USD,1645.00000000,2023-02-28 18:05:57
ETH-USD,1645.00000000,2023-02-28 18:05:57
ETH-USD,1645.00000000,2023-02-28 18:05:57
ETH-USD,1645.00000000,2023-02-28 18:05:57
ETH-USD,1645.00000000,2023-02-28 18:05:57
ETH-USD,1645.00000000,2023-02-28 18:05:57
ETH-USD,1645.00000000,2023-02-28 18:05:57
ETH-USD,1645.00000000,2023-02-28 18:05:57
ETH-USD,1644.99000000,2023-02-28 18:05:58
ETH-USD,1644.99000000,2023-02-28 18:05:58
ETH-USD,1644.99000000,2023-02-28 18:05:59
ETH-USD,1645.00000000,2023-02-28 18:05:59
ETH-USD,1644.99000000,2023-02-28 18:05:59
ETH-USD,1645.00000000,2023-02-28 18:05:59
ETH-USD,1644.99000000,2023-02-28 18:05:59
ETH-USD,1645.00000000,2023-02-28 18:05:59
ETH-USD,1645.00000000,2023-02-28 18:05:59
ETH-USD,1645.00000000,2023-02-28 18:05:59
ETH-USD,1644.99000000,2023-02-28 18:05:59
ETH-USD,1644.99000000,2023-02-28 18:05:59
ETH-USD,1644.99000000,2023-02-28 18:06:00
ETH-USD,1645.00000000,2023-02-28 18:06:00
ETH-USD,1644.99000000,2023-02-28 18:06:00
ETH-USD,1645.00000000,2023-02-28 18:06:00
ETH-USD,1644.99000000,2023-02-28 18:06:00
ETH-USD,1645.00000000,2023-02-28 18:06:00
ETH-USD,1644.99000000,2023-02-28 18:06:00
ETH-USD,1644.99000000,2023-02-28 18:06:00
ETH-USD,1644.99000000,2023-02-28 18:06:00
ETH-USD,1644.99000000,2023-02-28 18:06:00
ETH-USD,1645.00000000,2023-02-28 18:06:00
ETH-USD,1645.00000000,2023-02-28 18:06:00
ETH-USD,1645.00000000,2023-02-28 18:06:00
ETH-USD,1645.00000000,2023-02-28 18:06:00
ETH-USD,1644.99000000,2023-02-28 18:06:00
ETH-USD,1645.00000000,2023-02-28 18:06:00
ETH-USD,1644.99000000,2023-02-28 18:06:00
ETH-USD,1644.99000000,2023-02-28 18:06:00
ETH-USD,1644.99000000,2023-02-28 18:06:00
ETH-USD,1645.00000000,2023-02-28 18:06:00
ETH-USD,1645.00000000,2023-02-28 18:06:00
ETH-USD,1644.99000000,2023-02-28 18:06:00
ETH-USD,1644.99000000,2023-02-28 18:06:00
ETH-USD,1644.99000000,2023-02-28 18:06:00
ETH-USD,1644.99000000,2023-02-28 18:06:00
ETH-USD,1644.99000000,2023-02-28 18:06:01
ETH-USD,1645.00000000,2023-02-28 18:06:01
ETH-USD,1645.00000000,2023-02-28 18:06:01
ETH-USD,1645.00000000,2023-02-28 18:06:01
ETH-USD,1645.00000000,2023-02-28 18:06:01
ETH-USD,1644.99000000,2023-02-28 18:06:01
ETH-USD,1644.99000000,2023-02-28 18:06:01
ETH-USD,1645.00000000,2023-02-28 18:06:02
ETH-USD,1645.00000000,2023-02-28 18:06:02
ETH-USD,1645.00000000,2023-02-28 18:06:02
ETH-USD,1645.01000000,2023-02-28 18:06:02
ETH-USD,1645.02000000,2023-02-28 18:06:02
ETH-USD,1645.03000000,2023-02-28 18:06:02
ETH-USD,1645.03000000,2023-02-28 18:06:02
ETH-USD,1645.04000000,2023-02-28 18:06:02
ETH-USD,1645.05000000,2023-02-28 18:06:02
ETH-USD,1645.06000000,2023-02-28 18:06:02
ETH-USD,1645.06000000,2023-02-28 18:06:02
ETH-USD,1645.06000000,2023-02-28 18:06:02
ETH-USD,1645.06000000,2023-02-28 18:06:02
ETH-USD,1645.06000000,2023-02-28 18:06:02
ETH-USD,1645.07000000,2023-02-28 18:06:02
ETH-USD,1645.07000000,2023-02-28 18:06:02
ETH-USD,1645.07000000,2023-02-28 18:06:02
ETH-USD,1645.07000000,2023-02-28 18:06:02
ETH-USD,1645.07000000,2023-02-28 18:06:02
ETH-USD,1645.07000000,2023-02-28 18:06:02
ETH-USD,1645.07000000,2023-02-28 18:06:02
ETH-USD,1645.07000000,2023-02-28 18:06:02
ETH-USD,1645.07000000,2023-02-28 18:06:02
ETH-USD,1645.07000000,2023-02-28 18:06:02
ETH-USD,1645.08000000,2023-02-28 18:06:02
ETH-USD,1645.08000000,2023-02-28 18:06:02
ETH-USD,1645.09000000,2023-02-28 18:06:02
ETH-USD,1645.09000000,2023-02-28 18:06:02
ETH-USD,1645.09000000,2023-02-28 18:06:02
ETH-USD,1645.10000000,2023-02-28 18:06:02
ETH-USD,1645.10000000,2023-02-28 18:06:02
ETH-USD,1645.10000000,2023-02-28 18:06:02
ETH-USD,1645.10000000,2023-02-28 18:06:02
ETH-USD,1645.11000000,2023-02-28 18:06:02
ETH-USD,1645.11000000,2023-02-28 18:06:02
ETH-USD,1645.11000000,2023-02-28 18:06:02
ETH-USD,1645.12000000,2023-02-28 18:06:02
ETH-USD,1645.13000000,2023-02-28 18:06:02
ETH-USD,1645.13000000,2023-02-28 18:06:02
ETH-USD,1645.13000000,2023-02-28 18:06:02
ETH-USD,1645.13000000,2023-02-28 18:06:03
ETH-USD,1645.13000000,2023-02-28 18:06:03
ETH-USD,1645.14000000,2023-02-28 18:06:03
ETH-USD,1645.14000000,2023-02-28 18:06:03
ETH-USD,1645.13000000,2023-02-28 18:06:03
ETH-USD,1645.13000000,2023-02-28 18:06:04
ETH-USD,1645.13000000,2023-02-28 18:06:04
ETH-USD,1645.13000000,2023-02-28 18:06:04
ETH-USD,1645.13000000,2023-02-28 18:06:04
ETH-USD,1645.13000000,2023-02-28 18:06:04
ETH-USD,1645.13000000,2023-02-28 18:06:04
ETH-USD,1645.13000000,2023-02-28 18:06:04
ETH-USD,1645.13000000,2023-02-28 18:06:05
ETH-USD,1645.13000000,2023-02-28 18:06:05
ETH-USD,1645.13000000,2023-02-28 18:06:05
ETH-USD,1645.14000000,2023-02-28 18:06:06
ETH-USD,1645.14000000,2023-02-28 18:06:06
ETH-USD,1645.14000000,2023-02-28 18:06:06
ETH-USD,1645.14000000,2023-02-28 18:06:06
ETH-USD,1645.14000000,2023-02-28 18:06:06
ETH-USD,1645.14000000,2023-02-28 18:06:06
ETH-USD,1645.14000000,2023-02-28 18:06:06
ETH-USD,1645.14000000,2023-02-28 18:06:06
ETH-USD,1645.14000000,2023-02-28 18:06:06
ETH-USD,1645.14000000,2023-02-28 18:06:06
ETH-USD,1645.14000000,2023-02-28 18:06:06
ETH-USD,1645.14000000,2023-02-28 18:06:06
ETH-USD,1645.16000000,2023-02-28 18:06:06
ETH-USD,1645.16000000,2023-02-28 18:06:06
ETH-USD,1645.15000000,2023-02-28 18:06:06
ETH-USD,1645.16000000,2023-02-28 18:06:07
ETH-USD,1645.16000000,2023-02-28 18:06:07
ETH-USD,1645.16000000,2023-02-28 18:06:07
ETH-USD,1645.16000000,2023-02-28 18:06:07
ETH-USD,1645.16000000,2023-02-28 18:06:07
ETH-USD,1645.16000000,2023-02-28 18:06:07
ETH-USD,1645.16000000,2023-02-28 18:06:07
ETH-USD,1645.16000000,2023-02-28 18:06:07
ETH-USD,1645.16000000,2023-02-28 18:06:07
ETH-USD,1645.16000000,2023-02-28 18:06:07
ETH-USD,1645.16000000,2023-02-28 18:06:07
ETH-USD,1645.15000000,2023-02-28 18:06:07
ETH-USD,1645.16000000,2023-02-28 18:06:07
ETH-USD,1645.16000000,2023-02-28 18:06:07
ETH-USD,1645.16000000,2023-02-28 18:06:07
ETH-USD,1645.16000000,2023-02-28 18:06:07
ETH-USD,1645.16000000,2023-02-28 18:06:07
ETH-USD,1645.16000000,2023-02-28 18:06:08
ETH-USD,1645.16000000,2023-02-28 18:06:08
ETH-USD,1645.16000000,2023-02-28 18:06:08
ETH-USD,1645.16000000,2023-02-28 18:06:08
ETH-USD,1645.16000000,2023-02-28 18:06:08
ETH-USD,1645.16000000,2023-02-28 18:06:08
ETH-USD,1645.16000000,2023-02-28 18:06:08
ETH-USD,1645.16000000,2023-02-28 18:06:08
ETH-USD,1645.20000000,2023-02-28 18:06:08
ETH-USD,1645.20000000,2023-02-28 18:06:08
ETH-USD,1645.20000000,2023-02-28 18:06:08
ETH-USD,1645.21000000,2023-02-28 18:06:08
ETH-USD,1645.21000000,2023-02-28 18:06:08
ETH-USD,1645.22000000,2023-02-28 18:06:08
ETH-USD,1645.23000000,2023-02-28 18:06:08
ETH-USD,1645.27000000,2023-02-28 18:06:08
ETH-USD,1645.27000000,2023-02-28 18:06:08
ETH-USD,1645.27000000,2023-02-28 18:06:08
ETH-USD,1645.28000000,2023-02-28 18:06:08
ETH-USD,1645.28000000,2023-02-28 18:06:08
ETH-USD,1645.27000000,2023-02-28 18:06:08
ETH-USD,1645.27000000,2023-02-28 18:06:08
ETH-USD,1645.28000000,2023-02-28 18:06:08
ETH-USD,1645.28000000,2023-02-28 18:06:08
ETH-USD,1645.28000000,2023-02-28 18:06:08
ETH-USD,1645.29000000,2023-02-28 18:06:09
ETH-USD,1645.28000000,2023-02-28 18:06:09
ETH-USD,1645.28000000,2023-02-28 18:06:09
ETH-USD,1645.28000000,2023-02-28 18:06:10
ETH-USD,1645.29000000,2023-02-28 18:06:10
ETH-USD,1645.29000000,2023-02-28 18:06:10
ETH-USD,1645.29000000,2023-02-28 18:06:10
ETH-USD,1645.29000000,2023-02-28 18:06:10
ETH-USD,1645.29000000,2023-02-28 18:06:10
ETH-USD,1645.29000000,2023-02-28 18:06:10
ETH-USD,1645.29000000,2023-02-28 18:06:10
ETH-USD,1645.29000000,2023-02-28 18:06:10
ETH-USD,1645.30000000,2023-02-28 18:06:10
ETH-USD,1645.30000000,2023-02-28 18:06:10
ETH-USD,1645.31000000,2023-02-28 18:06:11
ETH-USD,1645.32000000,2023-02-28 18:06:11
ETH-USD,1645.33000000,2023-02-28 18:06:11
ETH-USD,1645.34000000,2023-02-28 18:06:11
ETH-USD,1645.34000000,2023-02-28 18:06:11
ETH-USD,1645.35000000,2023-02-28 18:06:11
ETH-USD,1645.35000000,2023-02-28 18:06:11
ETH-USD,1645.36000000,2023-02-28 18:06:11
ETH-USD,1645.36000000,2023-02-28 18:06:11
ETH-USD,1645.37000000,2023-02-28 18:06:11
ETH-USD,1645.38000000,2023-02-28 18:06:11
ETH-USD,1645.38000000,2023-02-28 18:06:11
ETH-USD,1645.38000000,2023-02-28 18:06:11
ETH-USD,1645.38000000,2023-02-28 18:06:11
ETH-USD,1645.38000000,2023-02-28 18:06:11
ETH-USD,1645.38000000,2023-02-28 18:06:11
ETH-USD,1645.37000000,2023-02-28 18:06:11
ETH-USD,1645.38000000,2023-02-28 18:06:11
ETH-USD,1645.38000000,2023-02-28 18:06:11
ETH-USD,1645.38000000,2023-02-28 18:06:11
ETH-USD,1645.38000000,2023-02-28 18:06:11
ETH-USD,1645.40000000,2023-02-28 18:06:12
ETH-USD,1645.40000000,2023-02-28 18:06:12
ETH-USD,1645.41000000,2023-02-28 18:06:12
ETH-USD,1645.42000000,2023-02-28 18:06:12
ETH-USD,1645.42000000,2023-02-28 18:06:12
ETH-USD,1645.43000000,2023-02-28 18:06:12
ETH-USD,1645.43000000,2023-02-28 18:06:12
ETH-USD,1645.43000000,2023-02-28 18:06:12
ETH-USD,1645.44000000,2023-02-28 18:06:12
ETH-USD,1645.44000000,2023-02-28 18:06:12
ETH-USD,1645.44000000,2023-02-28 18:06:12
ETH-USD,1645.44000000,2023-02-28 18:06:12
ETH-USD,1645.44000000,2023-02-28 18:06:12
ETH-USD,1645.43000000,2023-02-28 18:06:12
ETH-USD,1645.43000000,2023-02-28 18:06:12
ETH-USD,1645.44000000,2023-02-28 18:06:12
ETH-USD,1645.43000000,2023-02-28 18:06:12
ETH-USD,1645.44000000,2023-02-28 18:06:12
ETH-USD,1645.44000000,2023-02-28 18:06:12
ETH-USD,1645.44000000,2023-02-28 18:06:12
ETH-USD,1645.44000000,2023-02-28 18:06:12
ETH-USD,1645.44000000,2023-02-28 18:06:12
ETH-USD,1645.43000000,2023-02-28 18:06:12
ETH-USD,1645.44000000,2023-02-28 18:06:12
ETH-USD,1645.44000000,2023-02-28 18:06:12
ETH-USD,1645.44000000,2023-02-28 18:06:12
ETH-USD,1645.43000000,2023-02-28 18:06:12
ETH-USD,1645.44000000,2023-02-28 18:06:12
ETH-USD,1645.44000000,2023-02-28 18:06:12
ETH-USD,1645.44000000,2023-02-28 18:06:12
ETH-USD,1645.44000000,2023-02-28 18:06:12
ETH-USD,1645.44000000,2023-02-28 18:06:12
ETH-USD,1645.44000000,2023-02-28 18:06:12
ETH-USD,1645.45000000,2023-02-28 18:06:12
ETH-USD,1645.45000000,2023-02-28 18:06:12
ETH-USD,1645.45000000,2023-02-28 18:06:12
ETH-USD,1645.45000000,2023-02-28 18:06:12
ETH-USD,1645.45000000,2023-02-28 18:06:12
ETH-USD,1645.45000000,2023-02-28 18:06:12
ETH-USD,1645.45000000,2023-02-28 18:06:13
ETH-USD,1645.45000000,2023-02-28 18:06:13
ETH-USD,1645.45000000,2023-02-28 18:06:13
ETH-USD,1645.45000000,2023-02-28 18:06:13
ETH-USD,1645.45000000,2023-02-28 18:06:13
ETH-USD,1645.45000000,2023-02-28 18:06:13
ETH-USD,1645.44000000,2023-02-28 18:06:13
ETH-USD,1645.45000000,2023-02-28 18:06:13
ETH-USD,1645.45000000,2023-02-28 18:06:13
ETH-USD,1645.45000000,2023-02-28 18:06:13
ETH-USD,1645.44000000,2023-02-28 18:06:14
ETH-USD,1645.44000000,2023-02-28 18:06:14
ETH-USD,1645.45000000,2023-02-28 18:06:14
ETH-USD,1645.45000000,2023-02-28 18:06:14
ETH-USD,1645.45000000,2023-02-28 18:06:14
ETH-USD,1645.45000000,2023-02-28 18:06:14
ETH-USD,1645.45000000,2023-02-28 18:06:14
ETH-USD,1645.45000000,2023-02-28 18:06:14
ETH-USD,1645.45000000,2023-02-28 18:06:14
ETH-USD,1645.45000000,2023-02-28 18:06:14
ETH-USD,1645.45000000,2023-02-28 18:06:14
ETH-USD,1645.45000000,2023-02-28 18:06:14
ETH-USD,1645.45000000,2023-02-28 18:06:14
ETH-USD,1645.45000000,2023-02-28 18:06:14
ETH-USD,1645.45000000,2023-02-28 18:06:14
ETH-USD,1645.45000000,2023-02-28 18:06:14
ETH-USD,1645.45000000,2023-02-28 18:06:14
ETH-USD,1645.45000000,2023-02-28 18:06:15
ETH-USD,1645.45000000,2023-02-28 18:06:15
ETH-USD,1645.45000000,2023-02-28 18:06:15
ETH-USD,1645.46000000,2023-02-28 18:06:15
ETH-USD,1645.46000000,2023-02-28 18:06:15
ETH-USD,1645.45000000,2023-02-28 18:06:15
ETH-USD,1645.48000000,2023-02-28 18:06:15
ETH-USD,1645.49000000,2023-02-28 18:06:15
ETH-USD,1645.49000000,2023-02-28 18:06:15
ETH-USD,1645.50000000,2023-02-28 18:06:15
ETH-USD,1645.51000000,2023-02-28 18:06:15
ETH-USD,1645.51000000,2023-02-28 18:06:15
ETH-USD,1645.52000000,2023-02-28 18:06:16
ETH-USD,1645.52000000,2023-02-28 18:06:16
ETH-USD,1645.51000000,2023-02-28 18:06:16
ETH-USD,1645.52000000,2023-02-28 18:06:16
ETH-USD,1645.52000000,2023-02-28 18:06:16
ETH-USD,1645.51000000,2023-02-28 18:06:16
ETH-USD,1645.51000000,2023-02-28 18:06:16
ETH-USD,1645.52000000,2023-02-28 18:06:16
ETH-USD,1645.52000000,2023-02-28 18:06:16
ETH-USD,1645.51000000,2023-02-28 18:06:16
ETH-USD,1645.51000000,2023-02-28 18:06:17
ETH-USD,1645.51000000,2023-02-28 18:06:17
ETH-USD,1645.52000000,2023-02-28 18:06:17
ETH-USD,1645.52000000,2023-02-28 18:06:17
ETH-USD,1645.53000000,2023-02-28 18:06:17
ETH-USD,1645.53000000,2023-02-28 18:06:17
ETH-USD,1645.53000000,2023-02-28 18:06:17
ETH-USD,1645.53000000,2023-02-28 18:06:17
ETH-USD,1645.53000000,2023-02-28 18:06:17
ETH-USD,1645.53000000,2023-02-28 18:06:18
ETH-USD,1645.53000000,2023-02-28 18:06:18
ETH-USD,1645.53000000,2023-02-28 18:06:18
ETH-USD,1645.53000000,2023-02-28 18:06:18
ETH-USD,1645.52000000,2023-02-28 18:06:18
ETH-USD,1645.53000000,2023-02-28 18:06:18
ETH-USD,1645.53000000,2023-02-28 18:06:18
ETH-USD,1645.54000000,2023-02-28 18:06:19
ETH-USD,1645.53000000,2023-02-28 18:06:19
ETH-USD,1645.54000000,2023-02-28 18:06:19
ETH-USD,1645.54000000,2023-02-28 18:06:19
ETH-USD,1645.54000000,2023-02-28 18:06:19
ETH-USD,1645.54000000,2023-02-28 18:06:20
ETH-USD,1645.53000000,2023-02-28 18:06:20
ETH-USD,1645.54000000,2023-02-28 18:06:20
ETH-USD,1645.54000000,2023-02-28 18:06:20
ETH-USD,1645.54000000,2023-02-28 18:06:20
ETH-USD,1645.53000000,2023-02-28 18:06:20
ETH-USD,1645.53000000,2023-02-28 18:06:20
ETH-USD,1645.54000000,2023-02-28 18:06:20
ETH-USD,1645.54000000,2023-02-28 18:06:21
ETH-USD,1645.53000000,2023-02-28 18:06:21
ETH-USD,1645.53000000,2023-02-28 18:06:21
ETH-USD,1645.53000000,2023-02-28 18:06:21
ETH-USD,1645.53000000,2023-02-28 18:06:22
ETH-USD,1645.54000000,2023-02-28 18:06:22
ETH-USD,1645.53000000,2023-02-28 18:06:22
ETH-USD,1645.54000000,2023-02-28 18:06:23
ETH-USD,1645.54000000,2023-02-28 18:06:23
ETH-USD,1645.54000000,2023-02-28 18:06:23
ETH-USD,1645.53000000,2023-02-28 18:06:23
ETH-USD,1645.54000000,2023-02-28 18:06:24
ETH-USD,1645.54000000,2023-02-28 18:06:24
ETH-USD,1645.54000000,2023-02-28 18:06:24
ETH-USD,1645.54000000,2023-02-28 18:06:24
ETH-USD,1645.54000000,2023-02-28 18:06:24
ETH-USD,1645.54000000,2023-02-28 18:06:24
ETH-USD,1645.54000000,2023-02-28 18:06:24
ETH-USD,1645.54000000,2023-02-28 18:06:24
ETH-USD,1645.54000000,2023-02-28 18:06:24
ETH-USD,1645.54000000,2023-02-28 18:06:24
ETH-USD,1645.54000000,2023-02-28 18:06:24
ETH-USD,1645.53000000,2023-02-28 18:06:25
ETH-USD,1645.54000000,2023-02-28 18:06:25
ETH-USD,1645.55000000,2023-02-28 18:06:25
ETH-USD,1645.55000000,2023-02-28 18:06:25
ETH-USD,1645.55000000,2023-02-28 18:06:25
ETH-USD,1645.55000000,2023-02-28 18:06:25
ETH-USD,1645.56000000,2023-02-28 18:06:25
ETH-USD,1645.56000000,2023-02-28 18:06:25
ETH-USD,1645.56000000,2023-02-28 18:06:25
ETH-USD,1645.57000000,2023-02-28 18:06:25
ETH-USD,1645.57000000,2023-02-28 18:06:25
ETH-USD,1645.57000000,2023-02-28 18:06:25
ETH-USD,1645.58000000,2023-02-28 18:06:25
ETH-USD,1645.59000000,2023-02-28 18:06:25
ETH-USD,1645.59000000,2023-02-28 18:06:25
ETH-USD,1645.60000000,2023-02-28 18:06:25
ETH-USD,1645.60000000,2023-02-28 18:06:25
ETH-USD,1645.60000000,2023-02-28 18:06:25
ETH-USD,1645.60000000,2023-02-28 18:06:25
ETH-USD,1645.62000000,2023-02-28 18:06:25
ETH-USD,1645.62000000,2023-02-28 18:06:25
ETH-USD,1645.62000000,2023-02-28 18:06:25
ETH-USD,1645.62000000,2023-02-28 18:06:25
ETH-USD,1645.62000000,2023-02-28 18:06:25
ETH-USD,1645.63000000,2023-02-28 18:06:25
ETH-USD,1645.63000000,2023-02-28 18:06:25
ETH-USD,1645.63000000,2023-02-28 18:06:25
ETH-USD,1645.63000000,2023-02-28 18:06:25
ETH-USD,1645.64000000,2023-02-28 18:06:25
ETH-USD,1645.64000000,2023-02-28 18:06:25
ETH-USD,1645.64000000,2023-02-28 18:06:25
ETH-USD,1645.64000000,2023-02-28 18:06:25
ETH-USD,1645.64000000,2023-02-28 18:06:25
ETH-USD,1645.64000000,2023-02-28 18:06:25
ETH-USD,1645.64000000,2023-02-28 18:06:25
ETH-USD,1645.65000000,2023-02-28 18:06:26
ETH-USD,1645.65000000,2023-02-28 18:06:26
ETH-USD,1645.65000000,2023-02-28 18:06:26
ETH-USD,1645.65000000,2023-02-28 18:06:26
ETH-USD,1645.65000000,2023-02-28 18:06:26
ETH-USD,1645.65000000,2023-02-28 18:06:26
ETH-USD,1645.65000000,2023-02-28 18:06:26
ETH-USD,1645.66000000,2023-02-28 18:06:26
ETH-USD,1645.69000000,2023-02-28 18:06:26
ETH-USD,1645.69000000,2023-02-28 18:06:26
ETH-USD,1645.70000000,2023-02-28 18:06:26
ETH-USD,1645.70000000,2023-02-28 18:06:26
ETH-USD,1645.70000000,2023-02-28 18:06:26
ETH-USD,1645.70000000,2023-02-28 18:06:26
ETH-USD,1645.71000000,2023-02-28 18:06:26
ETH-USD,1645.72000000,2023-02-28 18:06:26
ETH-USD,1645.72000000,2023-02-28 18:06:26
ETH-USD,1645.73000000,2023-02-28 18:06:26
ETH-USD,1645.73000000,2023-02-28 18:06:26
ETH-USD,1645.75000000,2023-02-28 18:06:26
ETH-USD,1645.76000000,2023-02-28 18:06:26
ETH-USD,1645.76000000,2023-02-28 18:06:26
ETH-USD,1645.76000000,2023-02-28 18:06:26
ETH-USD,1645.77000000,2023-02-28 18:06:26
ETH-USD,1645.77000000,2023-02-28 18:06:26
ETH-USD,1645.77000000,2023-02-28 18:06:26
ETH-USD,1645.78000000,2023-02-28 18:06:26
ETH-USD,1645.80000000,2023-02-28 18:06:26
ETH-USD,1645.80000000,2023-02-28 18:06:26
ETH-USD,1645.80000000,2023-02-28 18:06:26
ETH-USD,1645.81000000,2023-02-28 18:06:26
ETH-USD,1645.82000000,2023-02-28 18:06:26
ETH-USD,1645.82000000,2023-02-28 18:06:26
ETH-USD,1645.84000000,2023-02-28 18:06:26
ETH-USD,1645.84000000,2023-02-28 18:06:26
ETH-USD,1645.85000000,2023-02-28 18:06:26
ETH-USD,1645.86000000,2023-02-28 18:06:26
ETH-USD,1645.87000000,2023-02-28 18:06:26
ETH-USD,1645.87000000,2023-02-28 18:06:26
ETH-USD,1645.87000000,2023-02-28 18:06:26
ETH-USD,1645.87000000,2023-02-28 18:06:26
ETH-USD,1645.87000000,2023-02-28 18:06:26
ETH-USD,1645.86000000,2023-02-28 18:06:26
ETH-USD,1645.86000000,2023-02-28 18:06:26
ETH-USD,1645.86000000,2023-02-28 18:06:26
ETH-USD,1645.86000000,2023-02-28 18:06:27
ETH-USD,1645.86000000,2023-02-28 18:06:27
ETH-USD,1645.86000000,2023-02-28 18:06:27
ETH-USD,1645.86000000,2023-02-28 18:06:27
ETH-USD,1645.86000000,2023-02-28 18:06:27
ETH-USD,1645.86000000,2023-02-28 18:06:27
ETH-USD,1645.86000000,2023-02-28 18:06:27
ETH-USD,1645.86000000,2023-02-28 18:06:27
ETH-USD,1645.86000000,2023-02-28 18:06:27
ETH-USD,1645.86000000,2023-02-28 18:06:27
ETH-USD,1645.86000000,2023-02-28 18:06:27
ETH-USD,1645.86000000,2023-02-28 18:06:27
ETH-USD,1645.86000000,2023-02-28 18:06:27
ETH-USD,1645.86000000,2023-02-28 18:06:27
ETH-USD,1645.86000000,2023-02-28 18:06:27
ETH-USD,1645.86000000,2023-02-28 18:06:27
ETH-USD,1645.86000000,2023-02-28 18:06:27
ETH-USD,1645.86000000,2023-02-28 18:06:27
ETH-USD,1645.86000000,2023-02-28 18:06:27
ETH-USD,1645.86000000,2023-02-28 18:06:27
ETH-USD,1645.85000000,2023-02-28 18:06:27
ETH-USD,1645.85000000,2023-02-28 18:06:27
ETH-USD,1645.77000000,2023-02-28 18:06:27
ETH-USD,1645.75000000,2023-02-28 18:06:27
ETH-USD,1645.75000000,2023-02-28 18:06:27
ETH-USD,1645.74000000,2023-02-28 18:06:27
ETH-USD,1645.73000000,2023-02-28 18:06:27
ETH-USD,1645.70000000,2023-02-28 18:06:27
ETH-USD,1645.70000000,2023-02-28 18:06:27
ETH-USD,1645.70000000,2023-02-28 18:06:27
