23698.41000000,2023-03-01 05:57:24
23698.40000000,2023-03-01 05:57:24
23697.84000000,2023-03-01 05:57:24
23697.50000000,2023-03-01 05:57:24
23698.37000000,2023-03-01 05:57:24
23698.38000000,2023-03-01 05:57:24
23698.38000000,2023-03-01 05:57:24
23698.39000000,2023-03-01 05:57:24
23698.36000000,2023-03-01 05:57:24
23698.35000000,2023-03-01 05:57:24
23698.36000000,2023-03-01 05:57:24
23698.52000000,2023-03-01 05:57:24
23698.52000000,2023-03-01 05:57:24
23698.52000000,2023-03-01 05:57:24
23698.51000000,2023-03-01 05:57:24
23698.53000000,2023-03-01 05:57:24
23698.53000000,2023-03-01 05:57:24
23698.54000000,2023-03-01 05:57:24
23698.54000000,2023-03-01 05:57:24
23698.58000000,2023-03-01 05:57:24
23698.58000000,2023-03-01 05:57:24
23698.62000000,2023-03-01 05:57:24
23698.60000000,2023-03-01 05:57:24
23698.61000000,2023-03-01 05:57:24
23698.61000000,2023-03-01 05:57:24
23698.61000000,2023-03-01 05:57:24
23698.64000000,2023-03-01 05:57:24
23698.65000000,2023-03-01 05:57:24
23698.65000000,2023-03-01 05:57:24
23698.65000000,2023-03-01 05:57:24
23698.68000000,2023-03-01 05:57:24
23698.52000000,2023-03-01 05:57:24
23698.69000000,2023-03-01 05:57:24
23698.70000000,2023-03-01 05:57:24
23698.70000000,2023-03-01 05:57:24
23698.71000000,2023-03-01 05:57:24
23698.72000000,2023-03-01 05:57:24
23698.73000000,2023-03-01 05:57:24
23698.52000000,2023-03-01 05:57:24
23698.54000000,2023-03-01 05:57:24
23698.62000000,2023-03-01 05:57:24
23698.63000000,2023-03-01 05:57:24
23698.53000000,2023-03-01 05:57:24
23698.74000000,2023-03-01 05:57:24
23698.58000000,2023-03-01 05:57:25
23698.60000000,2023-03-01 05:57:25
23698.74000000,2023-03-01 05:57:25
23698.74000000,2023-03-01 05:57:25
23698.74000000,2023-03-01 05:57:25
23698.74000000,2023-03-01 05:57:25
23698.68000000,2023-03-01 05:57:25
23698.75000000,2023-03-01 05:57:25
23698.72000000,2023-03-01 05:57:25
23698.72000000,2023-03-01 05:57:25
23698.72000000,2023-03-01 05:57:25
23698.64000000,2023-03-01 05:57:25
23698.64000000,2023-03-01 05:57:25
23698.64000000,2023-03-01 05:57:25
23698.64000000,2023-03-01 05:57:25
23698.64000000,2023-03-01 05:57:25
23698.64000000,2023-03-01 05:57:25
23698.64000000,2023-03-01 05:57:25
23698.55000000,2023-03-01 05:57:25
23698.53000000,2023-03-01 05:57:25
23698.53000000,2023-03-01 05:57:25
23698.26000000,2023-03-01 05:57:25
23698.24000000,2023-03-01 05:57:25
23698.21000000,2023-03-01 05:57:25
23697.99000000,2023-03-01 05:57:25
23697.98000000,2023-03-01 05:57:25
23697.96000000,2023-03-01 05:57:25
23697.94000000,2023-03-01 05:57:25
23697.86000000,2023-03-01 05:57:25
23697.85000000,2023-03-01 05:57:25
23697.84000000,2023-03-01 05:57:25
23697.77000000,2023-03-01 05:57:25
23697.66000000,2023-03-01 05:57:25
23697.64000000,2023-03-01 05:57:25
23697.60000000,2023-03-01 05:57:25
23697.58000000,2023-03-01 05:57:25
23697.57000000,2023-03-01 05:57:25
23697.57000000,2023-03-01 05:57:25
23697.55000000,2023-03-01 05:57:25
23697.55000000,2023-03-01 05:57:25
23697.53000000,2023-03-01 05:57:25
23697.46000000,2023-03-01 05:57:25
23698.24000000,2023-03-01 05:57:25
23698.26000000,2023-03-01 05:57:25
23698.53000000,2023-03-01 05:57:25
23698.24000000,2023-03-01 05:57:25
23698.52000000,2023-03-01 05:57:25
23698.52000000,2023-03-01 05:57:25
23697.85000000,2023-03-01 05:57:25
23697.84000000,2023-03-01 05:57:26
23698.16000000,2023-03-01 05:57:26
23697.45000000,2023-03-01 05:57:26
23697.44000000,2023-03-01 05:57:26
23697.98000000,2023-03-01 05:57:26
23698.03000000,2023-03-01 05:57:26
23698.26000000,2023-03-01 05:57:26
23698.52000000,2023-03-01 05:57:26
23697.91000000,2023-03-01 05:57:26
23698.52000000,2023-03-01 05:57:26
23698.52000000,2023-03-01 05:57:26
23698.53000000,2023-03-01 05:57:26
23698.54000000,2023-03-01 05:57:26
23698.55000000,2023-03-01 05:57:26
23698.67000000,2023-03-01 05:57:26
23698.67000000,2023-03-01 05:57:26
23698.67000000,2023-03-01 05:57:26
23698.68000000,2023-03-01 05:57:26
23698.68000000,2023-03-01 05:57:26
23698.68000000,2023-03-01 05:57:26
23698.68000000,2023-03-01 05:57:26
23698.68000000,2023-03-01 05:57:26
23698.26000000,2023-03-01 05:57:26
23697.98000000,2023-03-01 05:57:26
23698.47000000,2023-03-01 05:57:26
23698.53000000,2023-03-01 05:57:26
23697.92000000,2023-03-01 05:57:26
23697.91000000,2023-03-01 05:57:26
23698.67000000,2023-03-01 05:57:26
23698.68000000,2023-03-01 05:57:26
23698.69000000,2023-03-01 05:57:26
23698.69000000,2023-03-01 05:57:26
23698.59000000,2023-03-01 05:57:26
23698.26000000,2023-03-01 05:57:26
23698.66000000,2023-03-01 05:57:27
23697.98000000,2023-03-01 05:57:27
23697.91000000,2023-03-01 05:57:27
23697.86000000,2023-03-01 05:57:27
23697.85000000,2023-03-01 05:57:27
23697.84000000,2023-03-01 05:57:27
23697.65000000,2023-03-01 05:57:27
23697.63000000,2023-03-01 05:57:27
23697.48000000,2023-03-01 05:57:27
23697.43000000,2023-03-01 05:57:27
23697.42000000,2023-03-01 05:57:27
23697.40000000,2023-03-01 05:57:27
23697.33000000,2023-03-01 05:57:27
23697.31000000,2023-03-01 05:57:27
23697.29000000,2023-03-01 05:57:27
23697.29000000,2023-03-01 05:57:27
23697.27000000,2023-03-01 05:57:27
23697.25000000,2023-03-01 05:57:27
23697.23000000,2023-03-01 05:57:27
23697.23000000,2023-03-01 05:57:27
23697.17000000,2023-03-01 05:57:27
23697.16000000,2023-03-01 05:57:27
23697.16000000,2023-03-01 05:57:27
23697.16000000,2023-03-01 05:57:27
23697.16000000,2023-03-01 05:57:27
23697.15000000,2023-03-01 05:57:27
23697.14000000,2023-03-01 05:57:27
23697.14000000,2023-03-01 05:57:27
23697.14000000,2023-03-01 05:57:27
23697.14000000,2023-03-01 05:57:27
23697.13000000,2023-03-01 05:57:27
23697.12000000,2023-03-01 05:57:27
23697.12000000,2023-03-01 05:57:27
23697.11000000,2023-03-01 05:57:27
23697.04000000,2023-03-01 05:57:27
23697.04000000,2023-03-01 05:57:27
23697.03000000,2023-03-01 05:57:27
23697.00000000,2023-03-01 05:57:27
23697.00000000,2023-03-01 05:57:27
23697.00000000,2023-03-01 05:57:27
23697.00000000,2023-03-01 05:57:27
23697.00000000,2023-03-01 05:57:27
23696.99000000,2023-03-01 05:57:27
23696.98000000,2023-03-01 05:57:27
23696.96000000,2023-03-01 05:57:27
23696.92000000,2023-03-01 05:57:27
23696.88000000,2023-03-01 05:57:27
23696.88000000,2023-03-01 05:57:27
23696.88000000,2023-03-01 05:57:27
23696.74000000,2023-03-01 05:57:27
23696.58000000,2023-03-01 05:57:27
23696.52000000,2023-03-01 05:57:27
23696.53000000,2023-03-01 05:57:27
23697.12000000,2023-03-01 05:57:27
23696.52000000,2023-03-01 05:57:27
23697.29000000,2023-03-01 05:57:27
23697.62000000,2023-03-01 05:57:27
23697.63000000,2023-03-01 05:57:27
23697.63000000,2023-03-01 05:57:27
23697.12000000,2023-03-01 05:57:27
23697.42000000,2023-03-01 05:57:27
23697.42000000,2023-03-01 05:57:27
23697.80000000,2023-03-01 05:57:27
23697.81000000,2023-03-01 05:57:27
23697.81000000,2023-03-01 05:57:27
23697.81000000,2023-03-01 05:57:27
23697.81000000,2023-03-01 05:57:27
23697.16000000,2023-03-01 05:57:27
23697.42000000,2023-03-01 05:57:27
23697.84000000,2023-03-01 05:57:27
23697.91000000,2023-03-01 05:57:27
23697.43000000,2023-03-01 05:57:27
23697.90000000,2023-03-01 05:57:27
23697.91000000,2023-03-01 05:57:27
23697.91000000,2023-03-01 05:57:27
23697.94000000,2023-03-01 05:57:27
23697.95000000,2023-03-01 05:57:27
23697.95000000,2023-03-01 05:57:27
23697.95000000,2023-03-01 05:57:27
23697.96000000,2023-03-01 05:57:27
23697.98000000,2023-03-01 05:57:27
23697.98000000,2023-03-01 05:57:27
23698.07000000,2023-03-01 05:57:27
23698.07000000,2023-03-01 05:57:27
23698.07000000,2023-03-01 05:57:27
23698.19000000,2023-03-01 05:57:27
23698.19000000,2023-03-01 05:57:27
23697.78000000,2023-03-01 05:57:27
23697.28000000,2023-03-01 05:57:27
23697.43000000,2023-03-01 05:57:27
23697.42000000,2023-03-01 05:57:27
23697.29000000,2023-03-01 05:57:27
23697.29000000,2023-03-01 05:57:27
23697.84000000,2023-03-01 05:57:27
23697.83000000,2023-03-01 05:57:27
23697.83000000,2023-03-01 05:57:27
23697.84000000,2023-03-01 05:57:27
23697.98000000,2023-03-01 05:57:27
23698.16000000,2023-03-01 05:57:27
23698.16000000,2023-03-01 05:57:27
23698.11000000,2023-03-01 05:57:27
23698.26000000,2023-03-01 05:57:27
23698.33000000,2023-03-01 05:57:27
23698.32000000,2023-03-01 05:57:27
23698.32000000,2023-03-01 05:57:27
23698.33000000,2023-03-01 05:57:27
23698.33000000,2023-03-01 05:57:27
23698.33000000,2023-03-01 05:57:27
23698.33000000,2023-03-01 05:57:27
23698.34000000,2023-03-01 05:57:27
23698.34000000,2023-03-01 05:57:27
23698.35000000,2023-03-01 05:57:27
23698.35000000,2023-03-01 05:57:27
23698.35000000,2023-03-01 05:57:27
23698.36000000,2023-03-01 05:57:27
23698.36000000,2023-03-01 05:57:27
23698.37000000,2023-03-01 05:57:27
23698.39000000,2023-03-01 05:57:27
23698.39000000,2023-03-01 05:57:27
23698.39000000,2023-03-01 05:57:27
23698.40000000,2023-03-01 05:57:27
23698.40000000,2023-03-01 05:57:27
23698.41000000,2023-03-01 05:57:27
23698.41000000,2023-03-01 05:57:27
23698.41000000,2023-03-01 05:57:27
23698.42000000,2023-03-01 05:57:27
23698.42000000,2023-03-01 05:57:27
23698.42000000,2023-03-01 05:57:27
23698.45000000,2023-03-01 05:57:27
23698.51000000,2023-03-01 05:57:27
23698.53000000,2023-03-01 05:57:27
23698.55000000,2023-03-01 05:57:27
23698.64000000,2023-03-01 05:57:27
23698.66000000,2023-03-01 05:57:27
23698.67000000,2023-03-01 05:57:27
23698.68000000,2023-03-01 05:57:27
23698.77000000,2023-03-01 05:57:27
23698.84000000,2023-03-01 05:57:27
23698.89000000,2023-03-01 05:57:27
23698.90000000,2023-03-01 05:57:27
23698.92000000,2023-03-01 05:57:27
23698.98000000,2023-03-01 05:57:27
23698.99000000,2023-03-01 05:57:27
23699.00000000,2023-03-01 05:57:27
23699.00000000,2023-03-01 05:57:27
23699.00000000,2023-03-01 05:57:27
23699.07000000,2023-03-01 05:57:27
23699.08000000,2023-03-01 05:57:27
23699.10000000,2023-03-01 05:57:27
23699.36000000,2023-03-01 05:57:27
23699.37000000,2023-03-01 05:57:27
23698.68000000,2023-03-01 05:57:27
23698.67000000,2023-03-01 05:57:27
23698.67000000,2023-03-01 05:57:27
23698.66000000,2023-03-01 05:57:27
23698.65000000,2023-03-01 05:57:27
23698.53000000,2023-03-01 05:57:27
23698.50000000,2023-03-01 05:57:27
23698.30000000,2023-03-01 05:57:27
23698.26000000,2023-03-01 05:57:27
23698.36000000,2023-03-01 05:57:28
23698.09000000,2023-03-01 05:57:28
23698.08000000,2023-03-01 05:57:28
23698.07000000,2023-03-01 05:57:28
23698.07000000,2023-03-01 05:57:28
23698.02000000,2023-03-01 05:57:28
23698.19000000,2023-03-01 05:57:28
23698.36000000,2023-03-01 05:57:28
23698.68000000,2023-03-01 05:57:28
23699.01000000,2023-03-01 05:57:28
23699.02000000,2023-03-01 05:57:28
23699.05000000,2023-03-01 05:57:28
23699.06000000,2023-03-01 05:57:28
23699.07000000,2023-03-01 05:57:28
23699.08000000,2023-03-01 05:57:28
23699.09000000,2023-03-01 05:57:28
23698.29000000,2023-03-01 05:57:28
23698.53000000,2023-03-01 05:57:28
23698.36000000,2023-03-01 05:57:28
23698.36000000,2023-03-01 05:57:28
23698.35000000,2023-03-01 05:57:28
23698.34000000,2023-03-01 05:57:28
23698.29000000,2023-03-01 05:57:28
23698.26000000,2023-03-01 05:57:28
23698.18000000,2023-03-01 05:57:28
23698.07000000,2023-03-01 05:57:28
23698.04000000,2023-03-01 05:57:28
23698.02000000,2023-03-01 05:57:28
23698.02000000,2023-03-01 05:57:28
23698.02000000,2023-03-01 05:57:28
23698.02000000,2023-03-01 05:57:28
23698.02000000,2023-03-01 05:57:28
23698.02000000,2023-03-01 05:57:28
23698.02000000,2023-03-01 05:57:28
23698.02000000,2023-03-01 05:57:28
23698.02000000,2023-03-01 05:57:28
23698.03000000,2023-03-01 05:57:28
23698.03000000,2023-03-01 05:57:28
23698.03000000,2023-03-01 05:57:28
23698.03000000,2023-03-01 05:57:28
23698.03000000,2023-03-01 05:57:28
23698.03000000,2023-03-01 05:57:28
23698.03000000,2023-03-01 05:57:28
23698.03000000,2023-03-01 05:57:28
23698.02000000,2023-03-01 05:57:28
23698.02000000,2023-03-01 05:57:28
23698.02000000,2023-03-01 05:57:28
23698.02000000,2023-03-01 05:57:28
23698.02000000,2023-03-01 05:57:28
23698.02000000,2023-03-01 05:57:28
23698.02000000,2023-03-01 05:57:28
23698.40000000,2023-03-01 05:57:28
23698.04000000,2023-03-01 05:57:28
23698.02000000,2023-03-01 05:57:28
23698.02000000,2023-03-01 05:57:28
23698.02000000,2023-03-01 05:57:28
23698.02000000,2023-03-01 05:57:28
23698.02000000,2023-03-01 05:57:28
23698.02000000,2023-03-01 05:57:28
23698.02000000,2023-03-01 05:57:28
23698.02000000,2023-03-01 05:57:28
23697.98000000,2023-03-01 05:57:28
23697.98000000,2023-03-01 05:57:28
23697.96000000,2023-03-01 05:57:28
23697.94000000,2023-03-01 05:57:28
23697.92000000,2023-03-01 05:57:28
23697.92000000,2023-03-01 05:57:28
23697.91000000,2023-03-01 05:57:28
23697.84000000,2023-03-01 05:57:28
23697.80000000,2023-03-01 05:57:28
23697.80000000,2023-03-01 05:57:28
23697.80000000,2023-03-01 05:57:28
23697.80000000,2023-03-01 05:57:28
23697.80000000,2023-03-01 05:57:28
23697.80000000,2023-03-01 05:57:28
23697.81000000,2023-03-01 05:57:28
23697.80000000,2023-03-01 05:57:28
23697.74000000,2023-03-01 05:57:28
23697.74000000,2023-03-01 05:57:28
23697.73000000,2023-03-01 05:57:28
23697.73000000,2023-03-01 05:57:28
23697.63000000,2023-03-01 05:57:28
23697.57000000,2023-03-01 05:57:28
23697.57000000,2023-03-01 05:57:28
23697.52000000,2023-03-01 05:57:28
23697.51000000,2023-03-01 05:57:28
23697.51000000,2023-03-01 05:57:28
23697.51000000,2023-03-01 05:57:28
23697.51000000,2023-03-01 05:57:28
23697.51000000,2023-03-01 05:57:28
23697.52000000,2023-03-01 05:57:28
23697.51000000,2023-03-01 05:57:28
23698.26000000,2023-03-01 05:57:28
23697.51000000,2023-03-01 05:57:28
23697.51000000,2023-03-01 05:57:28
23698.22000000,2023-03-01 05:57:28
23698.25000000,2023-03-01 05:57:28
23698.23000000,2023-03-01 05:57:28
23698.22000000,2023-03-01 05:57:28
23697.62000000,2023-03-01 05:57:28
23697.52000000,2023-03-01 05:57:28
23698.26000000,2023-03-01 05:57:28
23698.53000000,2023-03-01 05:57:28
23698.58000000,2023-03-01 05:57:28
23698.59000000,2023-03-01 05:57:28
23698.68000000,2023-03-01 05:57:28
23698.92000000,2023-03-01 05:57:28
23698.93000000,2023-03-01 05:57:28
23698.26000000,2023-03-01 05:57:28
23698.02000000,2023-03-01 05:57:28
23697.98000000,2023-03-01 05:57:29
23697.94000000,2023-03-01 05:57:29
23697.84000000,2023-03-01 05:57:29
23697.83000000,2023-03-01 05:57:29
23698.08000000,2023-03-01 05:57:29
23697.70000000,2023-03-01 05:57:29
23697.69000000,2023-03-01 05:57:29
23697.64000000,2023-03-01 05:57:29
23697.63000000,2023-03-01 05:57:29
23697.57000000,2023-03-01 05:57:29
23697.54000000,2023-03-01 05:57:29
23697.53000000,2023-03-01 05:57:29
23697.52000000,2023-03-01 05:57:29
23697.45000000,2023-03-01 05:57:29
23697.43000000,2023-03-01 05:57:29
23697.43000000,2023-03-01 05:57:29
23697.42000000,2023-03-01 05:57:29
23697.42000000,2023-03-01 05:57:29
23697.37000000,2023-03-01 05:57:29
23697.84000000,2023-03-01 05:57:29
23697.84000000,2023-03-01 05:57:29
23697.85000000,2023-03-01 05:57:29
23697.98000000,2023-03-01 05:57:29
23697.44000000,2023-03-01 05:57:29
23697.86000000,2023-03-01 05:57:29
23697.84000000,2023-03-01 05:57:29
23697.97000000,2023-03-01 05:57:29
23697.98000000,2023-03-01 05:57:29
23698.25000000,2023-03-01 05:57:29
23698.26000000,2023-03-01 05:57:29
23698.31000000,2023-03-01 05:57:29
23698.41000000,2023-03-01 05:57:29
23698.42000000,2023-03-01 05:57:29
23698.43000000,2023-03-01 05:57:29
23698.44000000,2023-03-01 05:57:29
23698.44000000,2023-03-01 05:57:29
23698.44000000,2023-03-01 05:57:29
23698.44000000,2023-03-01 05:57:29
23698.44000000,2023-03-01 05:57:29
23697.91000000,2023-03-01 05:57:29
23698.44000000,2023-03-01 05:57:29
23698.44000000,2023-03-01 05:57:29
23698.48000000,2023-03-01 05:57:29
23698.53000000,2023-03-01 05:57:29
23698.60000000,2023-03-01 05:57:29
23698.67000000,2023-03-01 05:57:29
23698.68000000,2023-03-01 05:57:29
23698.68000000,2023-03-01 05:57:29
23698.70000000,2023-03-01 05:57:29
23698.70000000,2023-03-01 05:57:29
23698.70000000,2023-03-01 05:57:29
23698.65000000,2023-03-01 05:57:29
23698.59000000,2023-03-01 05:57:29
23698.59000000,2023-03-01 05:57:29
23698.26000000,2023-03-01 05:57:29
23698.00000000,2023-03-01 05:57:29
23698.56000000,2023-03-01 05:57:30
23698.43000000,2023-03-01 05:57:30
23698.01000000,2023-03-01 05:57:30
23698.00000000,2023-03-01 05:57:30
23698.00000000,2023-03-01 05:57:30
23698.00000000,2023-03-01 05:57:30
23698.00000000,2023-03-01 05:57:30
23697.99000000,2023-03-01 05:57:30
23697.98000000,2023-03-01 05:57:30
23697.84000000,2023-03-01 05:57:30
23697.63000000,2023-03-01 05:57:30
23697.45000000,2023-03-01 05:57:30
23697.43000000,2023-03-01 05:57:30
23697.43000000,2023-03-01 05:57:30
23697.42000000,2023-03-01 05:57:30
23697.40000000,2023-03-01 05:57:30
23697.40000000,2023-03-01 05:57:30
23697.40000000,2023-03-01 05:57:30
23697.40000000,2023-03-01 05:57:30
23697.39000000,2023-03-01 05:57:30
23697.35000000,2023-03-01 05:57:30
23697.35000000,2023-03-01 05:57:30
23697.84000000,2023-03-01 05:57:30
23697.79000000,2023-03-01 05:57:30
23697.79000000,2023-03-01 05:57:30
23697.79000000,2023-03-01 05:57:30
23697.79000000,2023-03-01 05:57:30
23697.84000000,2023-03-01 05:57:30
23697.97000000,2023-03-01 05:57:30
23697.97000000,2023-03-01 05:57:30
23697.97000000,2023-03-01 05:57:30
23697.98000000,2023-03-01 05:57:30
23698.03000000,2023-03-01 05:57:30
23697.96000000,2023-03-01 05:57:30
23697.93000000,2023-03-01 05:57:30
23697.93000000,2023-03-01 05:57:31
23697.93000000,2023-03-01 05:57:31
23698.03000000,2023-03-01 05:57:31
23698.03000000,2023-03-01 05:57:31
23698.02000000,2023-03-01 05:57:31
23698.03000000,2023-03-01 05:57:31
23698.03000000,2023-03-01 05:57:31
23698.03000000,2023-03-01 05:57:31
23698.03000000,2023-03-01 05:57:31
23698.26000000,2023-03-01 05:57:31
23698.26000000,2023-03-01 05:57:31
23698.29000000,2023-03-01 05:57:31
23698.29000000,2023-03-01 05:57:31
23698.29000000,2023-03-01 05:57:31
23698.30000000,2023-03-01 05:57:31
23698.04000000,2023-03-01 05:57:31
23698.02000000,2023-03-01 05:57:31
23698.51000000,2023-03-01 05:57:31
23698.53000000,2023-03-01 05:57:31
23698.61000000,2023-03-01 05:57:31
23698.68000000,2023-03-01 05:57:31
23698.69000000,2023-03-01 05:57:31
23698.69000000,2023-03-01 05:57:31
23698.70000000,2023-03-01 05:57:31
23698.70000000,2023-03-01 05:57:31
23698.70000000,2023-03-01 05:57:31
23698.70000000,2023-03-01 05:57:31
23698.70000000,2023-03-01 05:57:31
23698.69000000,2023-03-01 05:57:31
23698.92000000,2023-03-01 05:57:31
23698.93000000,2023-03-01 05:57:31
23698.93000000,2023-03-01 05:57:32
23698.45000000,2023-03-01 05:57:32
23698.44000000,2023-03-01 05:57:32
23698.90000000,2023-03-01 05:57:32
23698.92000000,2023-03-01 05:57:32
23698.93000000,2023-03-01 05:57:32
23698.93000000,2023-03-01 05:57:32
23699.02000000,2023-03-01 05:57:32
23699.08000000,2023-03-01 05:57:32
23699.09000000,2023-03-01 05:57:32
23699.10000000,2023-03-01 05:57:32
23699.17000000,2023-03-01 05:57:32
23699.17000000,2023-03-01 05:57:32
23699.23000000,2023-03-01 05:57:32
23699.29000000,2023-03-01 05:57:32
23699.32000000,2023-03-01 05:57:32
23699.36000000,2023-03-01 05:57:32
23699.38000000,2023-03-01 05:57:32
23698.53000000,2023-03-01 05:57:32
23698.50000000,2023-03-01 05:57:32
23698.68000000,2023-03-01 05:57:32
23698.55000000,2023-03-01 05:57:32
23698.51000000,2023-03-01 05:57:32
23698.57000000,2023-03-01 05:57:32
23698.29000000,2023-03-01 05:57:32
23698.42000000,2023-03-01 05:57:32
23698.29000000,2023-03-01 05:57:32
23698.32000000,2023-03-01 05:57:32
23698.40000000,2023-03-01 05:57:32
23698.31000000,2023-03-01 05:57:32
23698.54000000,2023-03-01 05:57:32
23698.54000000,2023-03-01 05:57:32
23698.54000000,2023-03-01 05:57:32
23698.93000000,2023-03-01 05:57:32
23698.82000000,2023-03-01 05:57:32
23698.28000000,2023-03-01 05:57:32
23698.26000000,2023-03-01 05:57:33
23698.14000000,2023-03-01 05:57:33
23698.10000000,2023-03-01 05:57:33
23698.04000000,2023-03-01 05:57:33
23698.03000000,2023-03-01 05:57:33
23698.03000000,2023-03-01 05:57:33
23698.01000000,2023-03-01 05:57:33
23697.98000000,2023-03-01 05:57:33
23697.94000000,2023-03-01 05:57:33
23697.94000000,2023-03-01 05:57:33
23697.93000000,2023-03-01 05:57:33
23697.88000000,2023-03-01 05:57:33
23697.84000000,2023-03-01 05:57:33
23697.84000000,2023-03-01 05:57:33
23697.83000000,2023-03-01 05:57:33
23697.81000000,2023-03-01 05:57:33
23697.79000000,2023-03-01 05:57:33
23697.78000000,2023-03-01 05:57:33
23697.78000000,2023-03-01 05:57:33
23697.76000000,2023-03-01 05:57:33
23697.76000000,2023-03-01 05:57:33
23697.76000000,2023-03-01 05:57:33
23697.75000000,2023-03-01 05:57:33
23697.75000000,2023-03-01 05:57:33
23697.75000000,2023-03-01 05:57:33
23697.75000000,2023-03-01 05:57:33
23698.26000000,2023-03-01 05:57:33
23698.53000000,2023-03-01 05:57:33
23698.62000000,2023-03-01 05:57:33
23698.62000000,2023-03-01 05:57:33
23698.62000000,2023-03-01 05:57:33
23698.62000000,2023-03-01 05:57:33
23698.62000000,2023-03-01 05:57:33
23698.55000000,2023-03-01 05:57:33
23697.98000000,2023-03-01 05:57:33
23698.30000000,2023-03-01 05:57:33
23698.30000000,2023-03-01 05:57:33
23697.88000000,2023-03-01 05:57:33
23697.88000000,2023-03-01 05:57:33
23698.30000000,2023-03-01 05:57:33
23697.85000000,2023-03-01 05:57:33
23697.84000000,2023-03-01 05:57:33
23697.71000000,2023-03-01 05:57:33
23697.71000000,2023-03-01 05:57:33
23697.70000000,2023-03-01 05:57:33
23697.69000000,2023-03-01 05:57:33
23697.68000000,2023-03-01 05:57:33
23697.67000000,2023-03-01 05:57:33
23697.63000000,2023-03-01 05:57:33
23697.60000000,2023-03-01 05:57:33
23697.60000000,2023-03-01 05:57:33
23697.57000000,2023-03-01 05:57:33
23697.55000000,2023-03-01 05:57:33
23697.54000000,2023-03-01 05:57:33
23697.53000000,2023-03-01 05:57:33
23697.53000000,2023-03-01 05:57:33
23697.52000000,2023-03-01 05:57:33
23697.50000000,2023-03-01 05:57:33
23697.49000000,2023-03-01 05:57:33
23697.49000000,2023-03-01 05:57:33
23697.49000000,2023-03-01 05:57:33
23697.49000000,2023-03-01 05:57:33
23697.44000000,2023-03-01 05:57:33
23697.43000000,2023-03-01 05:57:33
23697.42000000,2023-03-01 05:57:33
23697.41000000,2023-03-01 05:57:33
23697.40000000,2023-03-01 05:57:33
23697.39000000,2023-03-01 05:57:33
23697.39000000,2023-03-01 05:57:33
23697.38000000,2023-03-01 05:57:33
23697.37000000,2023-03-01 05:57:33
23697.38000000,2023-03-01 05:57:33
23697.37000000,2023-03-01 05:57:33
23697.37000000,2023-03-01 05:57:33
23697.98000000,2023-03-01 05:57:33
23698.26000000,2023-03-01 05:57:33
23698.27000000,2023-03-01 05:57:33
23697.84000000,2023-03-01 05:57:33
23697.84000000,2023-03-01 05:57:33
23697.84000000,2023-03-01 05:57:33
23697.79000000,2023-03-01 05:57:33
23697.60000000,2023-03-01 05:57:33
23697.52000000,2023-03-01 05:57:33
23697.44000000,2023-03-01 05:57:33
23698.03000000,2023-03-01 05:57:33
23698.04000000,2023-03-01 05:57:33
23698.06000000,2023-03-01 05:57:33
23698.06000000,2023-03-01 05:57:33
23698.26000000,2023-03-01 05:57:33
23698.34000000,2023-03-01 05:57:33
23698.43000000,2023-03-01 05:57:33
23698.49000000,2023-03-01 05:57:33
23698.49000000,2023-03-01 05:57:33
23698.49000000,2023-03-01 05:57:33
23698.50000000,2023-03-01 05:57:33
23698.53000000,2023-03-01 05:57:33
23698.60000000,2023-03-01 05:57:33
23698.60000000,2023-03-01 05:57:33
23698.60000000,2023-03-01 05:57:33
23698.61000000,2023-03-01 05:57:33
23698.61000000,2023-03-01 05:57:33
23698.62000000,2023-03-01 05:57:33
23698.68000000,2023-03-01 05:57:33
23698.68000000,2023-03-01 05:57:33
23698.87000000,2023-03-01 05:57:33
23698.92000000,2023-03-01 05:57:33
23698.93000000,2023-03-01 05:57:33
23698.94000000,2023-03-01 05:57:33
23698.97000000,2023-03-01 05:57:33
23698.97000000,2023-03-01 05:57:33
23698.99000000,2023-03-01 05:57:33
23698.61000000,2023-03-01 05:57:33
23698.61000000,2023-03-01 05:57:33
23698.60000000,2023-03-01 05:57:33
23699.00000000,2023-03-01 05:57:33
23699.02000000,2023-03-01 05:57:33
23699.05000000,2023-03-01 05:57:33
23699.05000000,2023-03-01 05:57:33
23699.05000000,2023-03-01 05:57:33
23699.08000000,2023-03-01 05:57:33
23699.10000000,2023-03-01 05:57:33
23699.10000000,2023-03-01 05:57:33
23699.11000000,2023-03-01 05:57:33
23699.13000000,2023-03-01 05:57:33
23699.13000000,2023-03-01 05:57:33
23699.15000000,2023-03-01 05:57:33
23698.60000000,2023-03-01 05:57:33
23699.15000000,2023-03-01 05:57:33
23698.64000000,2023-03-01 05:57:33
23699.15000000,2023-03-01 05:57:33
23699.16000000,2023-03-01 05:57:33
23699.20000000,2023-03-01 05:57:33
23699.22000000,2023-03-01 05:57:33
23699.25000000,2023-03-01 05:57:33
23699.29000000,2023-03-01 05:57:33
23699.32000000,2023-03-01 05:57:33
23699.33000000,2023-03-01 05:57:33
23699.50000000,2023-03-01 05:57:33
23699.50000000,2023-03-01 05:57:33
23699.50000000,2023-03-01 05:57:33
23699.51000000,2023-03-01 05:57:33
23699.51000000,2023-03-01 05:57:33
23699.52000000,2023-03-01 05:57:33
23699.57000000,2023-03-01 05:57:33
23699.63000000,2023-03-01 05:57:33
23699.63000000,2023-03-01 05:57:33
23698.66000000,2023-03-01 05:57:34
23698.65000000,2023-03-01 05:57:34
23698.65000000,2023-03-01 05:57:34
23698.64000000,2023-03-01 05:57:34
23698.64000000,2023-03-01 05:57:34
23698.63000000,2023-03-01 05:57:34
23699.66000000,2023-03-01 05:57:34
23698.69000000,2023-03-01 05:57:34
23698.69000000,2023-03-01 05:57:34
23699.67000000,2023-03-01 05:57:34
23699.67000000,2023-03-01 05:57:34
23699.67000000,2023-03-01 05:57:34
23699.71000000,2023-03-01 05:57:34
23699.73000000,2023-03-01 05:57:34
23699.73000000,2023-03-01 05:57:34
23699.73000000,2023-03-01 05:57:34
23699.86000000,2023-03-01 05:57:34
23699.86000000,2023-03-01 05:57:34
23699.90000000,2023-03-01 05:57:34
23699.93000000,2023-03-01 05:57:34
23699.94000000,2023-03-01 05:57:34
23699.94000000,2023-03-01 05:57:34
23700.00000000,2023-03-01 05:57:34
23700.00000000,2023-03-01 05:57:34
23700.18000000,2023-03-01 05:57:34
23699.80000000,2023-03-01 05:57:34
23699.66000000,2023-03-01 05:57:34
23699.66000000,2023-03-01 05:57:34
23699.66000000,2023-03-01 05:57:34
23699.65000000,2023-03-01 05:57:34
23700.36000000,2023-03-01 05:57:34
23700.41000000,2023-03-01 05:57:34
23700.49000000,2023-03-01 05:57:34
23700.60000000,2023-03-01 05:57:34
23699.68000000,2023-03-01 05:57:34
23699.94000000,2023-03-01 05:57:34
23699.80000000,2023-03-01 05:57:34
23700.73000000,2023-03-01 05:57:34
23700.78000000,2023-03-01 05:57:34
23700.88000000,2023-03-01 05:57:34
23699.94000000,2023-03-01 05:57:34
23699.90000000,2023-03-01 05:57:34
23700.18000000,2023-03-01 05:57:34
23700.12000000,2023-03-01 05:57:34
23700.36000000,2023-03-01 05:57:34
23700.73000000,2023-03-01 05:57:34
23700.20000000,2023-03-01 05:57:34
23700.30000000,2023-03-01 05:57:34
23700.22000000,2023-03-01 05:57:34
23700.22000000,2023-03-01 05:57:34
23700.26000000,2023-03-01 05:57:34
23700.22000000,2023-03-01 05:57:34
23700.22000000,2023-03-01 05:57:34
23700.19000000,2023-03-01 05:57:34
23700.46000000,2023-03-01 05:57:34
23700.67000000,2023-03-01 05:57:34
23700.07000000,2023-03-01 05:57:34
23700.05000000,2023-03-01 05:57:34
23700.05000000,2023-03-01 05:57:34
23700.73000000,2023-03-01 05:57:34
23700.78000000,2023-03-01 05:57:34
23700.88000000,2023-03-01 05:57:34
23700.88000000,2023-03-01 05:57:34
23700.98000000,2023-03-01 05:57:34
23701.02000000,2023-03-01 05:57:34
23701.13000000,2023-03-01 05:57:34
23701.13000000,2023-03-01 05:57:34
23701.20000000,2023-03-01 05:57:34
23701.20000000,2023-03-01 05:57:34
23701.28000000,2023-03-01 05:57:34
23701.33000000,2023-03-01 05:57:34
23701.43000000,2023-03-01 05:57:34
23701.47000000,2023-03-01 05:57:34
23701.47000000,2023-03-01 05:57:34
23701.48000000,2023-03-01 05:57:34
23701.48000000,2023-03-01 05:57:34
23701.49000000,2023-03-01 05:57:34
23701.50000000,2023-03-01 05:57:34
23701.51000000,2023-03-01 05:57:34
23701.56000000,2023-03-01 05:57:34
23700.44000000,2023-03-01 05:57:34
23700.22000000,2023-03-01 05:57:34
23700.06000000,2023-03-01 05:57:34
23700.73000000,2023-03-01 05:57:34
23700.73000000,2023-03-01 05:57:34
23700.36000000,2023-03-01 05:57:34
23700.18000000,2023-03-01 05:57:34
23700.06000000,2023-03-01 05:57:34
23700.06000000,2023-03-01 05:57:34
23700.35000000,2023-03-01 05:57:35
23700.35000000,2023-03-01 05:57:35
23700.35000000,2023-03-01 05:57:35
23700.35000000,2023-03-01 05:57:35
23700.35000000,2023-03-01 05:57:35
23700.35000000,2023-03-01 05:57:35
23700.35000000,2023-03-01 05:57:35
23700.62000000,2023-03-01 05:57:35
23700.09000000,2023-03-01 05:57:35
23700.08000000,2023-03-01 05:57:35
23700.35000000,2023-03-01 05:57:35
23700.32000000,2023-03-01 05:57:35
23700.35000000,2023-03-01 05:57:35
23700.35000000,2023-03-01 05:57:35
23700.35000000,2023-03-01 05:57:35
23700.36000000,2023-03-01 05:57:35
23700.61000000,2023-03-01 05:57:35
23700.08000000,2023-03-01 05:57:35
23700.08000000,2023-03-01 05:57:35
23700.05000000,2023-03-01 05:57:35
23700.05000000,2023-03-01 05:57:35
23700.04000000,2023-03-01 05:57:35
23700.01000000,2023-03-01 05:57:35
23699.99000000,2023-03-01 05:57:35
23699.94000000,2023-03-01 05:57:35
23699.94000000,2023-03-01 05:57:35
23699.90000000,2023-03-01 05:57:35
23699.85000000,2023-03-01 05:57:35
23699.70000000,2023-03-01 05:57:35
23699.70000000,2023-03-01 05:57:35
23699.69000000,2023-03-01 05:57:35
23699.67000000,2023-03-01 05:57:35
23699.66000000,2023-03-01 05:57:35
23699.63000000,2023-03-01 05:57:35
23699.52000000,2023-03-01 05:57:35
23699.50000000,2023-03-01 05:57:35
23699.43000000,2023-03-01 05:57:35
23699.42000000,2023-03-01 05:57:35
23699.42000000,2023-03-01 05:57:35
23699.41000000,2023-03-01 05:57:35
23699.41000000,2023-03-01 05:57:35
23699.41000000,2023-03-01 05:57:35
23699.41000000,2023-03-01 05:57:35
23699.40000000,2023-03-01 05:57:35
23699.40000000,2023-03-01 05:57:35
23699.39000000,2023-03-01 05:57:35
23699.41000000,2023-03-01 05:57:35
23699.33000000,2023-03-01 05:57:35
23699.94000000,2023-03-01 05:57:35
23699.94000000,2023-03-01 05:57:35
23700.17000000,2023-03-01 05:57:35
23699.52000000,2023-03-01 05:57:35
23699.47000000,2023-03-01 05:57:35
23699.47000000,2023-03-01 05:57:35
23699.46000000,2023-03-01 05:57:35
23699.45000000,2023-03-01 05:57:35
23699.32000000,2023-03-01 05:57:35
23699.30000000,2023-03-01 05:57:35
23699.27000000,2023-03-01 05:57:35
23699.25000000,2023-03-01 05:57:35
23699.24000000,2023-03-01 05:57:35
23699.23000000,2023-03-01 05:57:35
23699.22000000,2023-03-01 05:57:35
23699.20000000,2023-03-01 05:57:35
23699.19000000,2023-03-01 05:57:35
23699.17000000,2023-03-01 05:57:35
23699.15000000,2023-03-01 05:57:35
23699.13000000,2023-03-01 05:57:35
23699.11000000,2023-03-01 05:57:35
23699.10000000,2023-03-01 05:57:35
23699.08000000,2023-03-01 05:57:35
23699.03000000,2023-03-01 05:57:35
23699.06000000,2023-03-01 05:57:35
23699.01000000,2023-03-01 05:57:35
23699.01000000,2023-03-01 05:57:35
23699.01000000,2023-03-01 05:57:35
23699.01000000,2023-03-01 05:57:35
23699.00000000,2023-03-01 05:57:35
23699.00000000,2023-03-01 05:57:35
23699.00000000,2023-03-01 05:57:36
23698.98000000,2023-03-01 05:57:36
23698.92000000,2023-03-01 05:57:36
23698.89000000,2023-03-01 05:57:36
23698.87000000,2023-03-01 05:57:36
23698.69000000,2023-03-01 05:57:36
23698.79000000,2023-03-01 05:57:36
23698.69000000,2023-03-01 05:57:36
23698.68000000,2023-03-01 05:57:36
23698.79000000,2023-03-01 05:57:36
23699.37000000,2023-03-01 05:57:36
23699.37000000,2023-03-01 05:57:36
23699.38000000,2023-03-01 05:57:36
23699.40000000,2023-03-01 05:57:36
23699.52000000,2023-03-01 05:57:36
23699.63000000,2023-03-01 05:57:36
23699.79000000,2023-03-01 05:57:36
23699.10000000,2023-03-01 05:57:36
23699.08000000,2023-03-01 05:57:36
23698.72000000,2023-03-01 05:57:36
23698.81000000,2023-03-01 05:57:36
23698.84000000,2023-03-01 05:57:36
23698.88000000,2023-03-01 05:57:36
23698.87000000,2023-03-01 05:57:36
23698.87000000,2023-03-01 05:57:36
23698.86000000,2023-03-01 05:57:36
23699.45000000,2023-03-01 05:57:36
23699.45000000,2023-03-01 05:57:36
23699.45000000,2023-03-01 05:57:36
23699.52000000,2023-03-01 05:57:36
23699.62000000,2023-03-01 05:57:36
23699.63000000,2023-03-01 05:57:36
23699.17000000,2023-03-01 05:57:36
23699.63000000,2023-03-01 05:57:37
23699.77000000,2023-03-01 05:57:37
23699.77000000,2023-03-01 05:57:37
23699.85000000,2023-03-01 05:57:37
23699.90000000,2023-03-01 05:57:37
23699.94000000,2023-03-01 05:57:37
23699.94000000,2023-03-01 05:57:37
23700.17000000,2023-03-01 05:57:37
23699.56000000,2023-03-01 05:57:37
23699.62000000,2023-03-01 05:57:37
23699.63000000,2023-03-01 05:57:37
23699.63000000,2023-03-01 05:57:37
23699.65000000,2023-03-01 05:57:37
23699.89000000,2023-03-01 05:57:37
23699.53000000,2023-03-01 05:57:37
23699.53000000,2023-03-01 05:57:37
23699.52000000,2023-03-01 05:57:37
23699.14000000,2023-03-01 05:57:37
23699.87000000,2023-03-01 05:57:37
23699.89000000,2023-03-01 05:57:37
23699.21000000,2023-03-01 05:57:37
23699.21000000,2023-03-01 05:57:37
23699.28000000,2023-03-01 05:57:37
23699.48000000,2023-03-01 05:57:37
23699.38000000,2023-03-01 05:57:37
23699.37000000,2023-03-01 05:57:37
23699.10000000,2023-03-01 05:57:37
23699.08000000,2023-03-01 05:57:37
23699.02000000,2023-03-01 05:57:37
23699.02000000,2023-03-01 05:57:37
23699.02000000,2023-03-01 05:57:37
23699.00000000,2023-03-01 05:57:37
23699.12000000,2023-03-01 05:57:38
23699.51000000,2023-03-01 05:57:38
23699.20000000,2023-03-01 05:57:38
23699.13000000,2023-03-01 05:57:38
23698.98000000,2023-03-01 05:57:38
23699.20000000,2023-03-01 05:57:38
23699.18000000,2023-03-01 05:57:38
23699.40000000,2023-03-01 05:57:38
23699.52000000,2023-03-01 05:57:38
23699.53000000,2023-03-01 05:57:38
23699.62000000,2023-03-01 05:57:38
23699.62000000,2023-03-01 05:57:38
23699.63000000,2023-03-01 05:57:38
23699.75000000,2023-03-01 05:57:39
23699.20000000,2023-03-01 05:57:39
23699.23000000,2023-03-01 05:57:39
23699.20000000,2023-03-01 05:57:39
23699.19000000,2023-03-01 05:57:39
23699.10000000,2023-03-01 05:57:39
23699.08000000,2023-03-01 05:57:39
23698.95000000,2023-03-01 05:57:39
23698.93000000,2023-03-01 05:57:39
23698.92000000,2023-03-01 05:57:39
23698.89000000,2023-03-01 05:57:39
23698.79000000,2023-03-01 05:57:39
23698.77000000,2023-03-01 05:57:39
23698.75000000,2023-03-01 05:57:39
23698.70000000,2023-03-01 05:57:39
23698.68000000,2023-03-01 05:57:39
23698.66000000,2023-03-01 05:57:39
23698.59000000,2023-03-01 05:57:39
23699.10000000,2023-03-01 05:57:39
23699.46000000,2023-03-01 05:57:39
23699.52000000,2023-03-01 05:57:39
23699.13000000,2023-03-01 05:57:39
23699.14000000,2023-03-01 05:57:39
23699.13000000,2023-03-01 05:57:39
23699.13000000,2023-03-01 05:57:39
23698.70000000,2023-03-01 05:57:39
23698.68000000,2023-03-01 05:57:39
23698.61000000,2023-03-01 05:57:39
23698.60000000,2023-03-01 05:57:39
23698.59000000,2023-03-01 05:57:39
23699.10000000,2023-03-01 05:57:39
23699.14000000,2023-03-01 05:57:39
23699.31000000,2023-03-01 05:57:39
23699.18000000,2023-03-01 05:57:39
23699.23000000,2023-03-01 05:57:39
23699.16000000,2023-03-01 05:57:39
23698.68000000,2023-03-01 05:57:40
23698.59000000,2023-03-01 05:57:40
23698.59000000,2023-03-01 05:57:40
23698.53000000,2023-03-01 05:57:40
23698.46000000,2023-03-01 05:57:40
23698.42000000,2023-03-01 05:57:40
23698.39000000,2023-03-01 05:57:40
23698.38000000,2023-03-01 05:57:40
23698.38000000,2023-03-01 05:57:40
23698.37000000,2023-03-01 05:57:40
23698.37000000,2023-03-01 05:57:40
23698.35000000,2023-03-01 05:57:40
23698.35000000,2023-03-01 05:57:40
23698.33000000,2023-03-01 05:57:40
23698.32000000,2023-03-01 05:57:40
23698.29000000,2023-03-01 05:57:40
23698.29000000,2023-03-01 05:57:40
23698.29000000,2023-03-01 05:57:40
23698.28000000,2023-03-01 05:57:40
23698.28000000,2023-03-01 05:57:40
23698.28000000,2023-03-01 05:57:40
23698.28000000,2023-03-01 05:57:40
23698.26000000,2023-03-01 05:57:40
23698.26000000,2023-03-01 05:57:40
23698.26000000,2023-03-01 05:57:40
23698.26000000,2023-03-01 05:57:40
23698.26000000,2023-03-01 05:57:40
23698.24000000,2023-03-01 05:57:40
23698.24000000,2023-03-01 05:57:40
23698.12000000,2023-03-01 05:57:40
23698.12000000,2023-03-01 05:57:40
23698.11000000,2023-03-01 05:57:40
23698.10000000,2023-03-01 05:57:40
23698.10000000,2023-03-01 05:57:40
23698.09000000,2023-03-01 05:57:40
23698.03000000,2023-03-01 05:57:40
23698.03000000,2023-03-01 05:57:40
23698.02000000,2023-03-01 05:57:40
23697.98000000,2023-03-01 05:57:40
23697.97000000,2023-03-01 05:57:40
23697.94000000,2023-03-01 05:57:40
23697.94000000,2023-03-01 05:57:40
23697.92000000,2023-03-01 05:57:40
23697.88000000,2023-03-01 05:57:40
23697.87000000,2023-03-01 05:57:40
23697.87000000,2023-03-01 05:57:40
23697.85000000,2023-03-01 05:57:40
23697.84000000,2023-03-01 05:57:40
23697.84000000,2023-03-01 05:57:40
23697.84000000,2023-03-01 05:57:40
23697.82000000,2023-03-01 05:57:40
23697.82000000,2023-03-01 05:57:40
23698.96000000,2023-03-01 05:57:40
23698.96000000,2023-03-01 05:57:40
23698.96000000,2023-03-01 05:57:40
23698.96000000,2023-03-01 05:57:40
23698.30000000,2023-03-01 05:57:40
23698.12000000,2023-03-01 05:57:40
23698.12000000,2023-03-01 05:57:40
23698.92000000,2023-03-01 05:57:40
23698.90000000,2023-03-01 05:57:40
23698.68000000,2023-03-01 05:57:40
23698.68000000,2023-03-01 05:57:40
23698.89000000,2023-03-01 05:57:40
23698.67000000,2023-03-01 05:57:40
23698.67000000,2023-03-01 05:57:40
23698.05000000,2023-03-01 05:57:40
23698.26000000,2023-03-01 05:57:40
23698.67000000,2023-03-01 05:57:40
23698.27000000,2023-03-01 05:57:40
23697.95000000,2023-03-01 05:57:40
23697.79000000,2023-03-01 05:57:40
23697.77000000,2023-03-01 05:57:40
23697.68000000,2023-03-01 05:57:40
23697.55000000,2023-03-01 05:57:40
23697.51000000,2023-03-01 05:57:40
23697.43000000,2023-03-01 05:57:40
23697.42000000,2023-03-01 05:57:40
23698.18000000,2023-03-01 05:57:40
23698.18000000,2023-03-01 05:57:40
23697.84000000,2023-03-01 05:57:40
23697.98000000,2023-03-01 05:57:40
23698.11000000,2023-03-01 05:57:40
23698.26000000,2023-03-01 05:57:40
23698.03000000,2023-03-01 05:57:40
23697.87000000,2023-03-01 05:57:40
23698.05000000,2023-03-01 05:57:40
23697.84000000,2023-03-01 05:57:40
23697.43000000,2023-03-01 05:57:40
23697.42000000,2023-03-01 05:57:40
23697.09000000,2023-03-01 05:57:40
23697.08000000,2023-03-01 05:57:40
23697.06000000,2023-03-01 05:57:40
23697.03000000,2023-03-01 05:57:40
23697.02000000,2023-03-01 05:57:40
23697.01000000,2023-03-01 05:57:40
23697.00000000,2023-03-01 05:57:40
23697.00000000,2023-03-01 05:57:40
23697.00000000,2023-03-01 05:57:40
23698.02000000,2023-03-01 05:57:40
23697.13000000,2023-03-01 05:57:40
23697.03000000,2023-03-01 05:57:40
23697.00000000,2023-03-01 05:57:40
23697.00000000,2023-03-01 05:57:40
23696.99000000,2023-03-01 05:57:40
23696.96000000,2023-03-01 05:57:40
23696.88000000,2023-03-01 05:57:40
23696.71000000,2023-03-01 05:57:40
23696.58000000,2023-03-01 05:57:40
23696.56000000,2023-03-01 05:57:40
23696.53000000,2023-03-01 05:57:40
23696.51000000,2023-03-01 05:57:40
23696.51000000,2023-03-01 05:57:40
23696.38000000,2023-03-01 05:57:40
23696.35000000,2023-03-01 05:57:40
23696.33000000,2023-03-01 05:57:40
23696.29000000,2023-03-01 05:57:40
23696.29000000,2023-03-01 05:57:40
23697.42000000,2023-03-01 05:57:40
23697.60000000,2023-03-01 05:57:40
23697.43000000,2023-03-01 05:57:40
23697.62000000,2023-03-01 05:57:40
23697.97000000,2023-03-01 05:57:40
23696.71000000,2023-03-01 05:57:40
23696.59000000,2023-03-01 05:57:40
23697.00000000,2023-03-01 05:57:40
23697.62000000,2023-03-01 05:57:40
23696.88000000,2023-03-01 05:57:40
23696.88000000,2023-03-01 05:57:40
23697.54000000,2023-03-01 05:57:40
23697.54000000,2023-03-01 05:57:40
23697.41000000,2023-03-01 05:57:40
23697.54000000,2023-03-01 05:57:40
23697.54000000,2023-03-01 05:57:40
23697.62000000,2023-03-01 05:57:40
23697.84000000,2023-03-01 05:57:40
23697.94000000,2023-03-01 05:57:40
23697.95000000,2023-03-01 05:57:40
23697.95000000,2023-03-01 05:57:40
23697.89000000,2023-03-01 05:57:40
23697.42000000,2023-03-01 05:57:40
23697.64000000,2023-03-01 05:57:40
23697.65000000,2023-03-01 05:57:40
23697.65000000,2023-03-01 05:57:40
23697.60000000,2023-03-01 05:57:40
23697.61000000,2023-03-01 05:57:40
23697.00000000,2023-03-01 05:57:40
23697.00000000,2023-03-01 05:57:40
23696.96000000,2023-03-01 05:57:40
23696.91000000,2023-03-01 05:57:40
23696.90000000,2023-03-01 05:57:40
23696.88000000,2023-03-01 05:57:40
23696.73000000,2023-03-01 05:57:40
23696.71000000,2023-03-01 05:57:40
23696.67000000,2023-03-01 05:57:40
23696.59000000,2023-03-01 05:57:40
23696.59000000,2023-03-01 05:57:40
23696.58000000,2023-03-01 05:57:40
23696.52000000,2023-03-01 05:57:40
23696.52000000,2023-03-01 05:57:40
23696.51000000,2023-03-01 05:57:40
23696.50000000,2023-03-01 05:57:40
23697.55000000,2023-03-01 05:57:41
23697.53000000,2023-03-01 05:57:41
23697.54000000,2023-03-01 05:57:41
23697.00000000,2023-03-01 05:57:41
23697.00000000,2023-03-01 05:57:41
23697.40000000,2023-03-01 05:57:41
23697.42000000,2023-03-01 05:57:41
23697.43000000,2023-03-01 05:57:41
23697.54000000,2023-03-01 05:57:41
23697.54000000,2023-03-01 05:57:41
23697.01000000,2023-03-01 05:57:41
23697.01000000,2023-03-01 05:57:41
23697.01000000,2023-03-01 05:57:41
23697.01000000,2023-03-01 05:57:41
23697.01000000,2023-03-01 05:57:41
23697.46000000,2023-03-01 05:57:41
23697.46000000,2023-03-01 05:57:41
23697.52000000,2023-03-01 05:57:41
23697.57000000,2023-03-01 05:57:41
23697.58000000,2023-03-01 05:57:41
23697.58000000,2023-03-01 05:57:41
23697.58000000,2023-03-01 05:57:41
23697.58000000,2023-03-01 05:57:41
23697.13000000,2023-03-01 05:57:41
23697.13000000,2023-03-01 05:57:41
23697.13000000,2023-03-01 05:57:41
23697.13000000,2023-03-01 05:57:41
23697.57000000,2023-03-01 05:57:41
23697.02000000,2023-03-01 05:57:41
23697.01000000,2023-03-01 05:57:41
23697.57000000,2023-03-01 05:57:41
23697.57000000,2023-03-01 05:57:41
23697.62000000,2023-03-01 05:57:41
23697.65000000,2023-03-01 05:57:41
23697.49000000,2023-03-01 05:57:41
23697.84000000,2023-03-01 05:57:41
23697.94000000,2023-03-01 05:57:41
23697.96000000,2023-03-01 05:57:41
23697.97000000,2023-03-01 05:57:41
23697.97000000,2023-03-01 05:57:41
23697.98000000,2023-03-01 05:57:41
23697.99000000,2023-03-01 05:57:41
23698.00000000,2023-03-01 05:57:41
23698.01000000,2023-03-01 05:57:41
23698.01000000,2023-03-01 05:57:41
23698.02000000,2023-03-01 05:57:41
23698.02000000,2023-03-01 05:57:41
23698.02000000,2023-03-01 05:57:41
23698.01000000,2023-03-01 05:57:41
23697.43000000,2023-03-01 05:57:41
23697.42000000,2023-03-01 05:57:41
23697.14000000,2023-03-01 05:57:41
23697.14000000,2023-03-01 05:57:41
23697.11000000,2023-03-01 05:57:41
23697.00000000,2023-03-01 05:57:41
23696.96000000,2023-03-01 05:57:41
23696.96000000,2023-03-01 05:57:41
23696.91000000,2023-03-01 05:57:41
23696.90000000,2023-03-01 05:57:41
23696.89000000,2023-03-01 05:57:41
23696.89000000,2023-03-01 05:57:41
23696.89000000,2023-03-01 05:57:41
23696.88000000,2023-03-01 05:57:41
23696.83000000,2023-03-01 05:57:41
23696.76000000,2023-03-01 05:57:41
23696.74000000,2023-03-01 05:57:41
23696.74000000,2023-03-01 05:57:41
23696.71000000,2023-03-01 05:57:41
23696.69000000,2023-03-01 05:57:41
23696.67000000,2023-03-01 05:57:41
23697.43000000,2023-03-01 05:57:41
23697.42000000,2023-03-01 05:57:41
23696.68000000,2023-03-01 05:57:41
23697.27000000,2023-03-01 05:57:42
23697.27000000,2023-03-01 05:57:42
23697.01000000,2023-03-01 05:57:42
23697.01000000,2023-03-01 05:57:42
23697.28000000,2023-03-01 05:57:42
23697.42000000,2023-03-01 05:57:42
23696.76000000,2023-03-01 05:57:42
23696.77000000,2023-03-01 05:57:42
23696.76000000,2023-03-01 05:57:42
23696.76000000,2023-03-01 05:57:42
23696.67000000,2023-03-01 05:57:42
23697.22000000,2023-03-01 05:57:42
23697.21000000,2023-03-01 05:57:42
23696.66000000,2023-03-01 05:57:42
23697.02000000,2023-03-01 05:57:42
23697.02000000,2023-03-01 05:57:42
23697.21000000,2023-03-01 05:57:42
23697.21000000,2023-03-01 05:57:42
23697.21000000,2023-03-01 05:57:42
23697.21000000,2023-03-01 05:57:42
23697.02000000,2023-03-01 05:57:42
23697.02000000,2023-03-01 05:57:42
23696.71000000,2023-03-01 05:57:42
23697.42000000,2023-03-01 05:57:42
23697.43000000,2023-03-01 05:57:42
23697.46000000,2023-03-01 05:57:42
23697.50000000,2023-03-01 05:57:42
23697.62000000,2023-03-01 05:57:42
23697.74000000,2023-03-01 05:57:42
23697.74000000,2023-03-01 05:57:42
23697.74000000,2023-03-01 05:57:42
23697.75000000,2023-03-01 05:57:42
23697.00000000,2023-03-01 05:57:42
23696.88000000,2023-03-01 05:57:42
23696.75000000,2023-03-01 05:57:42
23696.75000000,2023-03-01 05:57:42
23696.75000000,2023-03-01 05:57:42
23696.88000000,2023-03-01 05:57:43
23697.41000000,2023-03-01 05:57:43
23697.42000000,2023-03-01 05:57:43
23697.43000000,2023-03-01 05:57:43
23697.00000000,2023-03-01 05:57:43
23696.94000000,2023-03-01 05:57:43
23696.93000000,2023-03-01 05:57:43
23697.13000000,2023-03-01 05:57:43
23697.13000000,2023-03-01 05:57:43
23697.00000000,2023-03-01 05:57:43
23697.39000000,2023-03-01 05:57:43
23697.39000000,2023-03-01 05:57:43
23697.36000000,2023-03-01 05:57:43
23696.92000000,2023-03-01 05:57:43
23696.88000000,2023-03-01 05:57:43
23696.88000000,2023-03-01 05:57:43
23696.71000000,2023-03-01 05:57:43
23696.71000000,2023-03-01 05:57:43
23697.35000000,2023-03-01 05:57:43
23696.72000000,2023-03-01 05:57:43
23697.35000000,2023-03-01 05:57:43
23696.74000000,2023-03-01 05:57:43
23696.74000000,2023-03-01 05:57:43
23696.74000000,2023-03-01 05:57:43
23696.73000000,2023-03-01 05:57:43
23696.71000000,2023-03-01 05:57:43
23696.67000000,2023-03-01 05:57:43
23697.19000000,2023-03-01 05:57:44
23697.00000000,2023-03-01 05:57:44
23697.00000000,2023-03-01 05:57:44
23697.23000000,2023-03-01 05:57:44
23697.24000000,2023-03-01 05:57:44
23696.58000000,2023-03-01 05:57:44
23697.00000000,2023-03-01 05:57:44
23696.99000000,2023-03-01 05:57:44
23697.00000000,2023-03-01 05:57:44
23697.08000000,2023-03-01 05:57:44
23697.18000000,2023-03-01 05:57:44
23697.21000000,2023-03-01 05:57:44
23697.24000000,2023-03-01 05:57:44
23697.37000000,2023-03-01 05:57:44
23697.37000000,2023-03-01 05:57:44
23697.38000000,2023-03-01 05:57:44
23697.38000000,2023-03-01 05:57:44
23697.38000000,2023-03-01 05:57:44
23697.40000000,2023-03-01 05:57:44
23697.41000000,2023-03-01 05:57:44
23697.42000000,2023-03-01 05:57:44
23697.43000000,2023-03-01 05:57:44
23697.44000000,2023-03-01 05:57:44
23697.48000000,2023-03-01 05:57:44
23697.49000000,2023-03-01 05:57:44
23697.55000000,2023-03-01 05:57:44
23697.59000000,2023-03-01 05:57:44
23697.59000000,2023-03-01 05:57:44
23697.59000000,2023-03-01 05:57:44
23697.60000000,2023-03-01 05:57:44
23697.61000000,2023-03-01 05:57:44
23697.61000000,2023-03-01 05:57:44
23697.72000000,2023-03-01 05:57:44
23697.73000000,2023-03-01 05:57:44
23697.73000000,2023-03-01 05:57:44
23697.73000000,2023-03-01 05:57:44
23697.73000000,2023-03-01 05:57:44
23697.74000000,2023-03-01 05:57:44
23697.74000000,2023-03-01 05:57:44
23697.74000000,2023-03-01 05:57:44
23697.75000000,2023-03-01 05:57:44
23697.76000000,2023-03-01 05:57:44
23697.81000000,2023-03-01 05:57:44
23697.81000000,2023-03-01 05:57:44
23697.84000000,2023-03-01 05:57:44
23697.88000000,2023-03-01 05:57:44
23697.92000000,2023-03-01 05:57:44
23697.94000000,2023-03-01 05:57:44
23697.94000000,2023-03-01 05:57:44
23697.96000000,2023-03-01 05:57:44
23697.97000000,2023-03-01 05:57:44
23697.98000000,2023-03-01 05:57:44
23697.99000000,2023-03-01 05:57:44
23697.99000000,2023-03-01 05:57:44
23698.00000000,2023-03-01 05:57:44
23698.00000000,2023-03-01 05:57:44
23698.02000000,2023-03-01 05:57:44
23698.06000000,2023-03-01 05:57:44
23698.07000000,2023-03-01 05:57:44
23698.10000000,2023-03-01 05:57:44
23698.21000000,2023-03-01 05:57:44
23698.26000000,2023-03-01 05:57:44
23698.27000000,2023-03-01 05:57:44
23698.46000000,2023-03-01 05:57:44
23698.47000000,2023-03-01 05:57:44
23698.50000000,2023-03-01 05:57:44
23697.72000000,2023-03-01 05:57:44
23697.72000000,2023-03-01 05:57:44
23697.85000000,2023-03-01 05:57:44
23697.61000000,2023-03-01 05:57:44
23697.24000000,2023-03-01 05:57:44
23697.79000000,2023-03-01 05:57:44
23697.43000000,2023-03-01 05:57:44
23697.98000000,2023-03-01 05:57:44
23698.09000000,2023-03-01 05:57:44
23698.10000000,2023-03-01 05:57:44
23698.26000000,2023-03-01 05:57:44
23698.26000000,2023-03-01 05:57:44
23698.40000000,2023-03-01 05:57:44
23698.45000000,2023-03-01 05:57:44
23698.46000000,2023-03-01 05:57:44
23697.59000000,2023-03-01 05:57:44
23697.84000000,2023-03-01 05:57:44
23697.86000000,2023-03-01 05:57:45
23697.86000000,2023-03-01 05:57:45
23697.99000000,2023-03-01 05:57:45
23697.71000000,2023-03-01 05:57:45
23698.25000000,2023-03-01 05:57:45
23698.26000000,2023-03-01 05:57:45
23697.74000000,2023-03-01 05:57:45
23698.38000000,2023-03-01 05:57:45
23698.45000000,2023-03-01 05:57:45
23698.23000000,2023-03-01 05:57:45
23698.24000000,2023-03-01 05:57:45
23698.26000000,2023-03-01 05:57:45
23698.31000000,2023-03-01 05:57:45
23698.43000000,2023-03-01 05:57:45
23698.46000000,2023-03-01 05:57:45
23697.86000000,2023-03-01 05:57:45
23698.02000000,2023-03-01 05:57:45
23697.84000000,2023-03-01 05:57:46
23698.13000000,2023-03-01 05:57:46
23698.14000000,2023-03-01 05:57:46
23697.72000000,2023-03-01 05:57:46
23698.21000000,2023-03-01 05:57:46
23697.75000000,2023-03-01 05:57:46
23697.74000000,2023-03-01 05:57:46
23697.84000000,2023-03-01 05:57:46
23697.62000000,2023-03-01 05:57:46
23697.62000000,2023-03-01 05:57:46
23697.48000000,2023-03-01 05:57:46
23697.45000000,2023-03-01 05:57:46
23697.84000000,2023-03-01 05:57:46
23697.83000000,2023-03-01 05:57:46
23697.43000000,2023-03-01 05:57:46
23697.42000000,2023-03-01 05:57:46
23697.42000000,2023-03-01 05:57:47
23697.35000000,2023-03-01 05:57:47
23697.35000000,2023-03-01 05:57:47
23697.35000000,2023-03-01 05:57:47
23697.81000000,2023-03-01 05:57:47
23697.35000000,2023-03-01 05:57:47
23697.81000000,2023-03-01 05:57:47
23697.35000000,2023-03-01 05:57:47
23697.30000000,2023-03-01 05:57:47
23697.30000000,2023-03-01 05:57:47
23697.81000000,2023-03-01 05:57:47
23697.81000000,2023-03-01 05:57:47
23697.81000000,2023-03-01 05:57:47
23697.82000000,2023-03-01 05:57:47
23697.84000000,2023-03-01 05:57:47
23697.84000000,2023-03-01 05:57:47
23697.84000000,2023-03-01 05:57:47
23697.80000000,2023-03-01 05:57:47
23697.84000000,2023-03-01 05:57:47
23697.80000000,2023-03-01 05:57:47
23697.84000000,2023-03-01 05:57:47
23697.84000000,2023-03-01 05:57:47
23697.84000000,2023-03-01 05:57:47
23697.84000000,2023-03-01 05:57:47
23697.84000000,2023-03-01 05:57:47
23697.53000000,2023-03-01 05:57:47
23697.53000000,2023-03-01 05:57:47
23697.53000000,2023-03-01 05:57:47
23697.97000000,2023-03-01 05:57:47
23697.98000000,2023-03-01 05:57:47
23698.15000000,2023-03-01 05:57:47
23698.15000000,2023-03-01 05:57:47
23698.16000000,2023-03-01 05:57:47
23698.18000000,2023-03-01 05:57:47
23697.53000000,2023-03-01 05:57:47
23697.42000000,2023-03-01 05:57:47
23697.40000000,2023-03-01 05:57:47
23697.32000000,2023-03-01 05:57:47
23697.24000000,2023-03-01 05:57:47
23697.20000000,2023-03-01 05:57:47
23697.17000000,2023-03-01 05:57:47
23697.16000000,2023-03-01 05:57:47
23697.10000000,2023-03-01 05:57:47
23697.09000000,2023-03-01 05:57:47
23697.05000000,2023-03-01 05:57:47
23697.05000000,2023-03-01 05:57:47
23697.04000000,2023-03-01 05:57:47
23697.04000000,2023-03-01 05:57:47
23697.03000000,2023-03-01 05:57:47
23698.18000000,2023-03-01 05:57:47
23698.18000000,2023-03-01 05:57:47
23698.20000000,2023-03-01 05:57:47
23698.26000000,2023-03-01 05:57:47
23698.33000000,2023-03-01 05:57:47
23698.46000000,2023-03-01 05:57:47
23698.47000000,2023-03-01 05:57:47
23698.53000000,2023-03-01 05:57:47
23698.56000000,2023-03-01 05:57:47
23698.58000000,2023-03-01 05:57:47
23698.58000000,2023-03-01 05:57:47
23698.58000000,2023-03-01 05:57:47
23698.58000000,2023-03-01 05:57:47
23698.59000000,2023-03-01 05:57:47
23698.63000000,2023-03-01 05:57:47
23698.64000000,2023-03-01 05:57:47
23697.03000000,2023-03-01 05:57:47
23697.03000000,2023-03-01 05:57:47
23697.00000000,2023-03-01 05:57:47
23697.00000000,2023-03-01 05:57:47
23696.99000000,2023-03-01 05:57:47
23696.99000000,2023-03-01 05:57:47
23696.98000000,2023-03-01 05:57:47
23696.97000000,2023-03-01 05:57:47
23696.97000000,2023-03-01 05:57:47
23696.97000000,2023-03-01 05:57:47
23696.97000000,2023-03-01 05:57:47
23696.96000000,2023-03-01 05:57:47
23696.96000000,2023-03-01 05:57:47
23696.95000000,2023-03-01 05:57:47
23696.93000000,2023-03-01 05:57:47
23696.93000000,2023-03-01 05:57:47
23696.92000000,2023-03-01 05:57:47
23696.91000000,2023-03-01 05:57:47
23696.90000000,2023-03-01 05:57:47
23696.90000000,2023-03-01 05:57:47
23696.90000000,2023-03-01 05:57:47
23696.89000000,2023-03-01 05:57:47
23696.88000000,2023-03-01 05:57:47
23696.88000000,2023-03-01 05:57:47
23696.85000000,2023-03-01 05:57:47
23696.81000000,2023-03-01 05:57:47
23696.78000000,2023-03-01 05:57:47
23696.67000000,2023-03-01 05:57:47
23696.67000000,2023-03-01 05:57:47
23696.66000000,2023-03-01 05:57:47
23696.62000000,2023-03-01 05:57:47
23696.62000000,2023-03-01 05:57:47
23696.61000000,2023-03-01 05:57:47
23696.61000000,2023-03-01 05:57:47
23697.04000000,2023-03-01 05:57:47
23697.04000000,2023-03-01 05:57:47
23697.66000000,2023-03-01 05:57:47
23697.54000000,2023-03-01 05:57:47
23697.54000000,2023-03-01 05:57:47
23697.97000000,2023-03-01 05:57:47
23697.97000000,2023-03-01 05:57:47
23698.05000000,2023-03-01 05:57:47
23698.17000000,2023-03-01 05:57:47
23698.19000000,2023-03-01 05:57:47
23697.97000000,2023-03-01 05:57:47
23697.97000000,2023-03-01 05:57:47
23697.97000000,2023-03-01 05:57:47
23697.97000000,2023-03-01 05:57:47
23697.97000000,2023-03-01 05:57:47
23697.43000000,2023-03-01 05:57:47
23697.24000000,2023-03-01 05:57:47
23697.16000000,2023-03-01 05:57:47
23697.04000000,2023-03-01 05:57:47
23697.98000000,2023-03-01 05:57:47
23697.97000000,2023-03-01 05:57:47
23697.97000000,2023-03-01 05:57:47
23697.42000000,2023-03-01 05:57:47
23698.05000000,2023-03-01 05:57:47
23697.43000000,2023-03-01 05:57:48
23697.84000000,2023-03-01 05:57:48
23697.98000000,2023-03-01 05:57:48
23698.26000000,2023-03-01 05:57:48
23698.47000000,2023-03-01 05:57:48
23698.51000000,2023-03-01 05:57:48
23698.51000000,2023-03-01 05:57:48
23698.51000000,2023-03-01 05:57:48
23698.37000000,2023-03-01 05:57:48
23697.68000000,2023-03-01 05:57:48
23698.51000000,2023-03-01 05:57:48
23698.50000000,2023-03-01 05:57:48
23698.51000000,2023-03-01 05:57:48
23698.52000000,2023-03-01 05:57:48
23698.53000000,2023-03-01 05:57:48
23698.68000000,2023-03-01 05:57:48
23698.70000000,2023-03-01 05:57:48
23698.72000000,2023-03-01 05:57:48
23698.72000000,2023-03-01 05:57:48
23698.72000000,2023-03-01 05:57:48
23698.27000000,2023-03-01 05:57:48
23698.26000000,2023-03-01 05:57:48
23697.98000000,2023-03-01 05:57:48
23697.90000000,2023-03-01 05:57:48
23698.46000000,2023-03-01 05:57:48
23697.90000000,2023-03-01 05:57:48
23698.46000000,2023-03-01 05:57:48
23697.84000000,2023-03-01 05:57:48
23698.26000000,2023-03-01 05:57:49
23698.30000000,2023-03-01 05:57:49
23698.44000000,2023-03-01 05:57:49
23698.44000000,2023-03-01 05:57:49
23698.44000000,2023-03-01 05:57:49
23698.46000000,2023-03-01 05:57:49
23698.16000000,2023-03-01 05:57:49
23697.94000000,2023-03-01 05:57:49
23697.84000000,2023-03-01 05:57:49
23697.84000000,2023-03-01 05:57:49
23697.68000000,2023-03-01 05:57:49
23697.67000000,2023-03-01 05:57:49
23697.68000000,2023-03-01 05:57:49
23697.67000000,2023-03-01 05:57:49
23697.67000000,2023-03-01 05:57:49
23698.26000000,2023-03-01 05:57:49
23698.26000000,2023-03-01 05:57:49
23698.52000000,2023-03-01 05:57:49
23697.67000000,2023-03-01 05:57:49
23698.50000000,2023-03-01 05:57:49
23698.50000000,2023-03-01 05:57:49
23697.84000000,2023-03-01 05:57:49
23697.90000000,2023-03-01 05:57:49
23697.84000000,2023-03-01 05:57:49
23697.77000000,2023-03-01 05:57:49
23697.77000000,2023-03-01 05:57:49
23698.26000000,2023-03-01 05:57:49
23697.79000000,2023-03-01 05:57:49
23697.66000000,2023-03-01 05:57:49
23697.96000000,2023-03-01 05:57:50
23697.96000000,2023-03-01 05:57:50
23697.96000000,2023-03-01 05:57:50
23697.96000000,2023-03-01 05:57:50
23697.96000000,2023-03-01 05:57:50
23697.96000000,2023-03-01 05:57:50
23697.96000000,2023-03-01 05:57:50
23697.66000000,2023-03-01 05:57:50
23697.66000000,2023-03-01 05:57:50
23697.43000000,2023-03-01 05:57:50
23697.42000000,2023-03-01 05:57:50
23697.41000000,2023-03-01 05:57:50
23697.35000000,2023-03-01 05:57:50
23697.34000000,2023-03-01 05:57:50
23697.28000000,2023-03-01 05:57:50
23697.27000000,2023-03-01 05:57:50
23697.27000000,2023-03-01 05:57:50
23697.27000000,2023-03-01 05:57:50
23697.26000000,2023-03-01 05:57:50
23697.25000000,2023-03-01 05:57:50
23697.25000000,2023-03-01 05:57:50
23697.25000000,2023-03-01 05:57:50
23697.24000000,2023-03-01 05:57:50
23697.24000000,2023-03-01 05:57:50
23697.84000000,2023-03-01 05:57:50
23697.85000000,2023-03-01 05:57:50
23697.98000000,2023-03-01 05:57:50
23698.05000000,2023-03-01 05:57:50
23698.25000000,2023-03-01 05:57:50
23698.26000000,2023-03-01 05:57:50
23698.47000000,2023-03-01 05:57:50
23698.52000000,2023-03-01 05:57:50
23698.53000000,2023-03-01 05:57:50
23698.68000000,2023-03-01 05:57:50
23698.74000000,2023-03-01 05:57:50
23698.74000000,2023-03-01 05:57:50
23698.75000000,2023-03-01 05:57:50
23698.75000000,2023-03-01 05:57:50
23698.76000000,2023-03-01 05:57:50
23698.77000000,2023-03-01 05:57:50
23698.79000000,2023-03-01 05:57:50
23698.82000000,2023-03-01 05:57:50
23698.86000000,2023-03-01 05:57:50
23698.87000000,2023-03-01 05:57:50
23698.26000000,2023-03-01 05:57:50
23698.61000000,2023-03-01 05:57:50
23698.06000000,2023-03-01 05:57:50
23698.62000000,2023-03-01 05:57:50
23698.68000000,2023-03-01 05:57:51
23698.72000000,2023-03-01 05:57:51
23698.46000000,2023-03-01 05:57:51
23698.48000000,2023-03-01 05:57:51
23698.46000000,2023-03-01 05:57:51
23698.47000000,2023-03-01 05:57:51
23698.46000000,2023-03-01 05:57:51
23698.72000000,2023-03-01 05:57:51
23698.89000000,2023-03-01 05:57:51
23698.90000000,2023-03-01 05:57:51
23698.90000000,2023-03-01 05:57:51
23698.46000000,2023-03-01 05:57:51
23698.26000000,2023-03-01 05:57:51
23698.07000000,2023-03-01 05:57:51
23698.06000000,2023-03-01 05:57:51
23698.68000000,2023-03-01 05:57:51
23698.88000000,2023-03-01 05:57:51
23698.89000000,2023-03-01 05:57:51
23698.90000000,2023-03-01 05:57:51
23698.92000000,2023-03-01 05:57:51
23698.93000000,2023-03-01 05:57:51
23699.04000000,2023-03-01 05:57:51
23699.05000000,2023-03-01 05:57:51
23699.08000000,2023-03-01 05:57:51
23699.10000000,2023-03-01 05:57:51
23699.11000000,2023-03-01 05:57:51
23699.20000000,2023-03-01 05:57:51
23699.32000000,2023-03-01 05:57:51
23699.33000000,2023-03-01 05:57:51
23698.80000000,2023-03-01 05:57:51
23698.80000000,2023-03-01 05:57:51
23698.68000000,2023-03-01 05:57:51
23698.53000000,2023-03-01 05:57:51
23698.48000000,2023-03-01 05:57:51
23699.28000000,2023-03-01 05:57:51
23698.48000000,2023-03-01 05:57:51
23699.07000000,2023-03-01 05:57:51
23698.58000000,2023-03-01 05:57:51
23698.47000000,2023-03-01 05:57:51
23698.32000000,2023-03-01 05:57:51
23698.26000000,2023-03-01 05:57:51
23698.10000000,2023-03-01 05:57:51
23698.68000000,2023-03-01 05:57:51
23698.98000000,2023-03-01 05:57:51
23698.12000000,2023-03-01 05:57:51
23698.11000000,2023-03-01 05:57:51
23698.05000000,2023-03-01 05:57:51
23697.98000000,2023-03-01 05:57:51
23697.97000000,2023-03-01 05:57:51
23697.94000000,2023-03-01 05:57:51
23697.84000000,2023-03-01 05:57:51
23697.60000000,2023-03-01 05:57:51
23697.59000000,2023-03-01 05:57:51
23697.57000000,2023-03-01 05:57:51
23697.47000000,2023-03-01 05:57:51
23697.46000000,2023-03-01 05:57:51
23697.46000000,2023-03-01 05:57:51
23697.44000000,2023-03-01 05:57:51
23697.43000000,2023-03-01 05:57:51
23697.42000000,2023-03-01 05:57:51
23697.39000000,2023-03-01 05:57:51
23697.37000000,2023-03-01 05:57:51
23697.30000000,2023-03-01 05:57:51
23697.30000000,2023-03-01 05:57:51
23697.30000000,2023-03-01 05:57:51
23697.30000000,2023-03-01 05:57:51
23697.30000000,2023-03-01 05:57:51
23697.29000000,2023-03-01 05:57:51
23697.29000000,2023-03-01 05:57:51
23697.28000000,2023-03-01 05:57:51
23697.28000000,2023-03-01 05:57:51
23697.25000000,2023-03-01 05:57:51
23698.26000000,2023-03-01 05:57:51
23697.84000000,2023-03-01 05:57:51
23697.98000000,2023-03-01 05:57:51
23698.26000000,2023-03-01 05:57:51
23698.30000000,2023-03-01 05:57:51
23698.45000000,2023-03-01 05:57:51
23698.47000000,2023-03-01 05:57:51
23698.53000000,2023-03-01 05:57:51
23698.68000000,2023-03-01 05:57:51
23698.74000000,2023-03-01 05:57:51
23698.74000000,2023-03-01 05:57:51
23698.75000000,2023-03-01 05:57:51
23698.78000000,2023-03-01 05:57:51
23698.86000000,2023-03-01 05:57:51
23698.91000000,2023-03-01 05:57:51
23698.92000000,2023-03-01 05:57:51
23698.92000000,2023-03-01 05:57:51
23698.92000000,2023-03-01 05:57:51
23698.94000000,2023-03-01 05:57:51
23698.95000000,2023-03-01 05:57:51
23698.96000000,2023-03-01 05:57:51
23699.08000000,2023-03-01 05:57:51
23699.10000000,2023-03-01 05:57:51
23699.22000000,2023-03-01 05:57:51
23699.07000000,2023-03-01 05:57:51
23699.27000000,2023-03-01 05:57:51
23699.28000000,2023-03-01 05:57:51
23699.31000000,2023-03-01 05:57:51
23699.32000000,2023-03-01 05:57:51
23699.33000000,2023-03-01 05:57:51
23699.34000000,2023-03-01 05:57:51
23699.38000000,2023-03-01 05:57:51
23699.48000000,2023-03-01 05:57:51
23699.52000000,2023-03-01 05:57:51
23699.52000000,2023-03-01 05:57:51
23699.52000000,2023-03-01 05:57:51
23699.52000000,2023-03-01 05:57:51
23699.57000000,2023-03-01 05:57:51
23699.60000000,2023-03-01 05:57:51
23699.63000000,2023-03-01 05:57:51
23699.64000000,2023-03-01 05:57:51
23699.65000000,2023-03-01 05:57:51
23699.75000000,2023-03-01 05:57:51
23699.75000000,2023-03-01 05:57:51
23699.78000000,2023-03-01 05:57:51
23699.78000000,2023-03-01 05:57:51
23699.82000000,2023-03-01 05:57:51
23699.83000000,2023-03-01 05:57:51
23699.83000000,2023-03-01 05:57:51
23699.83000000,2023-03-01 05:57:51
23699.84000000,2023-03-01 05:57:51
23699.84000000,2023-03-01 05:57:51
23699.89000000,2023-03-01 05:57:52
23699.12000000,2023-03-01 05:57:52
23699.55000000,2023-03-01 05:57:52
23699.56000000,2023-03-01 05:57:52
23699.89000000,2023-03-01 05:57:52
23699.72000000,2023-03-01 05:57:52
23699.89000000,2023-03-01 05:57:52
23699.89000000,2023-03-01 05:57:52
23699.56000000,2023-03-01 05:57:52
23699.56000000,2023-03-01 05:57:52
23699.35000000,2023-03-01 05:57:53
23699.37000000,2023-03-01 05:57:53
23699.35000000,2023-03-01 05:57:53
23699.30000000,2023-03-01 05:57:53
23699.10000000,2023-03-01 05:57:53
23699.08000000,2023-03-01 05:57:53
23698.98000000,2023-03-01 05:57:53
23698.98000000,2023-03-01 05:57:53
23699.69000000,2023-03-01 05:57:53
23699.52000000,2023-03-01 05:57:53
23699.63000000,2023-03-01 05:57:53
23699.31000000,2023-03-01 05:57:53
23699.69000000,2023-03-01 05:57:53
23699.69000000,2023-03-01 05:57:53
23699.10000000,2023-03-01 05:57:53
23699.08000000,2023-03-01 05:57:53
23699.06000000,2023-03-01 05:57:53
23699.06000000,2023-03-01 05:57:53
23699.05000000,2023-03-01 05:57:53
23699.05000000,2023-03-01 05:57:53
23699.05000000,2023-03-01 05:57:53
23699.03000000,2023-03-01 05:57:53
23699.02000000,2023-03-01 05:57:53
23698.95000000,2023-03-01 05:57:53
23698.92000000,2023-03-01 05:57:53
23698.90000000,2023-03-01 05:57:53
23698.86000000,2023-03-01 05:57:53
23698.82000000,2023-03-01 05:57:53
23698.80000000,2023-03-01 05:57:53
23698.78000000,2023-03-01 05:57:53
23698.77000000,2023-03-01 05:57:53
23698.68000000,2023-03-01 05:57:53
23698.66000000,2023-03-01 05:57:53
23698.65000000,2023-03-01 05:57:53
23698.63000000,2023-03-01 05:57:53
23698.60000000,2023-03-01 05:57:53
23698.56000000,2023-03-01 05:57:53
23698.55000000,2023-03-01 05:57:53
23698.54000000,2023-03-01 05:57:53
23698.54000000,2023-03-01 05:57:53
23698.54000000,2023-03-01 05:57:53
23698.53000000,2023-03-01 05:57:53
23698.53000000,2023-03-01 05:57:53
23698.53000000,2023-03-01 05:57:53
23698.52000000,2023-03-01 05:57:53
23698.52000000,2023-03-01 05:57:53
23698.52000000,2023-03-01 05:57:53
23698.52000000,2023-03-01 05:57:53
23698.52000000,2023-03-01 05:57:53
23698.51000000,2023-03-01 05:57:53
23698.50000000,2023-03-01 05:57:53
23699.08000000,2023-03-01 05:57:53
23699.52000000,2023-03-01 05:57:53
23699.55000000,2023-03-01 05:57:53
23699.55000000,2023-03-01 05:57:53
23699.04000000,2023-03-01 05:57:53
23699.04000000,2023-03-01 05:57:53
23699.04000000,2023-03-01 05:57:53
23699.10000000,2023-03-01 05:57:53
23699.52000000,2023-03-01 05:57:54
23699.54000000,2023-03-01 05:57:54
23699.58000000,2023-03-01 05:57:54
23699.63000000,2023-03-01 05:57:54
23699.64000000,2023-03-01 05:57:54
23699.64000000,2023-03-01 05:57:54
23699.64000000,2023-03-01 05:57:54
23699.66000000,2023-03-01 05:57:54
23699.84000000,2023-03-01 05:57:54
23699.86000000,2023-03-01 05:57:54
23699.86000000,2023-03-01 05:57:54
23699.87000000,2023-03-01 05:57:54
23699.12000000,2023-03-01 05:57:54
23699.89000000,2023-03-01 05:57:54
23699.90000000,2023-03-01 05:57:54
23699.94000000,2023-03-01 05:57:54
23699.96000000,2023-03-01 05:57:54
23699.52000000,2023-03-01 05:57:54
23699.10000000,2023-03-01 05:57:54
23699.08000000,2023-03-01 05:57:54
23699.02000000,2023-03-01 05:57:54
23698.92000000,2023-03-01 05:57:54
23698.90000000,2023-03-01 05:57:54
23698.90000000,2023-03-01 05:57:54
23699.33000000,2023-03-01 05:57:54
23698.92000000,2023-03-01 05:57:54
23699.29000000,2023-03-01 05:57:54
23699.52000000,2023-03-01 05:57:54
23699.52000000,2023-03-01 05:57:54
23699.63000000,2023-03-01 05:57:54
23699.86000000,2023-03-01 05:57:54
23699.87000000,2023-03-01 05:57:54
23699.90000000,2023-03-01 05:57:54
23699.94000000,2023-03-01 05:57:54
23699.96000000,2023-03-01 05:57:54
23700.00000000,2023-03-01 05:57:54
23700.01000000,2023-03-01 05:57:54
23700.02000000,2023-03-01 05:57:54
23700.04000000,2023-03-01 05:57:54
23700.04000000,2023-03-01 05:57:54
23700.04000000,2023-03-01 05:57:54
23700.04000000,2023-03-01 05:57:54
23700.04000000,2023-03-01 05:57:54
23700.05000000,2023-03-01 05:57:54
23700.06000000,2023-03-01 05:57:54
23698.90000000,2023-03-01 05:57:54
23699.52000000,2023-03-01 05:57:54
23699.10000000,2023-03-01 05:57:54
23699.20000000,2023-03-01 05:57:55
23699.20000000,2023-03-01 05:57:55
23699.20000000,2023-03-01 05:57:55
23699.20000000,2023-03-01 05:57:55
23699.20000000,2023-03-01 05:57:55
23699.20000000,2023-03-01 05:57:55
23699.08000000,2023-03-01 05:57:55
23699.03000000,2023-03-01 05:57:55
23698.92000000,2023-03-01 05:57:55
23698.91000000,2023-03-01 05:57:55
23698.86000000,2023-03-01 05:57:55
23698.78000000,2023-03-01 05:57:55
23698.68000000,2023-03-01 05:57:55
23698.66000000,2023-03-01 05:57:55
23698.64000000,2023-03-01 05:57:55
23699.10000000,2023-03-01 05:57:55
23699.10000000,2023-03-01 05:57:55
23699.13000000,2023-03-01 05:57:55
23699.13000000,2023-03-01 05:57:55
23699.13000000,2023-03-01 05:57:55
23699.13000000,2023-03-01 05:57:55
23699.13000000,2023-03-01 05:57:55
23698.86000000,2023-03-01 05:57:56
23698.86000000,2023-03-01 05:57:56
23698.84000000,2023-03-01 05:57:56
23698.84000000,2023-03-01 05:57:56
23699.19000000,2023-03-01 05:57:56
23699.20000000,2023-03-01 05:57:56
23699.20000000,2023-03-01 05:57:56
23699.20000000,2023-03-01 05:57:56
23699.20000000,2023-03-01 05:57:56
23699.20000000,2023-03-01 05:57:56
23699.20000000,2023-03-01 05:57:56
23699.37000000,2023-03-01 05:57:56
23699.51000000,2023-03-01 05:57:56
23698.68000000,2023-03-01 05:57:56
23698.67000000,2023-03-01 05:57:56
23698.66000000,2023-03-01 05:57:56
23698.64000000,2023-03-01 05:57:56
23698.65000000,2023-03-01 05:57:56
23699.10000000,2023-03-01 05:57:56
23699.23000000,2023-03-01 05:57:56
23699.49000000,2023-03-01 05:57:56
23699.50000000,2023-03-01 05:57:56
23699.50000000,2023-03-01 05:57:56
23699.52000000,2023-03-01 05:57:56
23699.52000000,2023-03-01 05:57:56
23698.76000000,2023-03-01 05:57:56
23699.10000000,2023-03-01 05:57:56
23699.31000000,2023-03-01 05:57:56
23699.37000000,2023-03-01 05:57:56
23699.37000000,2023-03-01 05:57:56
23699.52000000,2023-03-01 05:57:56
23699.52000000,2023-03-01 05:57:56
23699.58000000,2023-03-01 05:57:56
23699.63000000,2023-03-01 05:57:56
23699.66000000,2023-03-01 05:57:56
23699.71000000,2023-03-01 05:57:56
23699.80000000,2023-03-01 05:57:56
23699.80000000,2023-03-01 05:57:56
23699.82000000,2023-03-01 05:57:56
23699.90000000,2023-03-01 05:57:56
23699.92000000,2023-03-01 05:57:56
23699.93000000,2023-03-01 05:57:56
23699.93000000,2023-03-01 05:57:56
23699.93000000,2023-03-01 05:57:56
23699.94000000,2023-03-01 05:57:56
23699.94000000,2023-03-01 05:57:56
23699.94000000,2023-03-01 05:57:56
23699.95000000,2023-03-01 05:57:56
23699.99000000,2023-03-01 05:57:56
23700.03000000,2023-03-01 05:57:56
23700.04000000,2023-03-01 05:57:56
23700.06000000,2023-03-01 05:57:56
23700.07000000,2023-03-01 05:57:56
23700.07000000,2023-03-01 05:57:56
23700.07000000,2023-03-01 05:57:56
23700.07000000,2023-03-01 05:57:56
23700.07000000,2023-03-01 05:57:56
23700.10000000,2023-03-01 05:57:56
23700.17000000,2023-03-01 05:57:56
23700.18000000,2023-03-01 05:57:56
23700.23000000,2023-03-01 05:57:56
23700.34000000,2023-03-01 05:57:56
23700.36000000,2023-03-01 05:57:56
23700.36000000,2023-03-01 05:57:56
23700.37000000,2023-03-01 05:57:56
23699.94000000,2023-03-01 05:57:56
23700.32000000,2023-03-01 05:57:57
23699.94000000,2023-03-01 05:57:57
23699.76000000,2023-03-01 05:57:57
23699.68000000,2023-03-01 05:57:57
23699.63000000,2023-03-01 05:57:57
23699.58000000,2023-03-01 05:57:57
23699.52000000,2023-03-01 05:57:57
23699.30000000,2023-03-01 05:57:57
23699.28000000,2023-03-01 05:57:57
23699.10000000,2023-03-01 05:57:57
23699.08000000,2023-03-01 05:57:57
23699.00000000,2023-03-01 05:57:57
23698.92000000,2023-03-01 05:57:57
23698.92000000,2023-03-01 05:57:57
23698.89000000,2023-03-01 05:57:57
23698.81000000,2023-03-01 05:57:57
23698.80000000,2023-03-01 05:57:57
23698.79000000,2023-03-01 05:57:57
23698.79000000,2023-03-01 05:57:57
23698.78000000,2023-03-01 05:57:57
23698.78000000,2023-03-01 05:57:57
23699.52000000,2023-03-01 05:57:57
23698.76000000,2023-03-01 05:57:57
23698.70000000,2023-03-01 05:57:57
23698.69000000,2023-03-01 05:57:57
23698.68000000,2023-03-01 05:57:57
23698.65000000,2023-03-01 05:57:57
23698.64000000,2023-03-01 05:57:57
23699.31000000,2023-03-01 05:57:57
23699.27000000,2023-03-01 05:57:57
23698.82000000,2023-03-01 05:57:57
23698.82000000,2023-03-01 05:57:57
23699.10000000,2023-03-01 05:57:57
23699.51000000,2023-03-01 05:57:57
23698.70000000,2023-03-01 05:57:57
23698.68000000,2023-03-01 05:57:57
23698.54000000,2023-03-01 05:57:57
23698.53000000,2023-03-01 05:57:57
23698.51000000,2023-03-01 05:57:57
23698.38000000,2023-03-01 05:57:57
23698.26000000,2023-03-01 05:57:57
23698.18000000,2023-03-01 05:57:57
23698.18000000,2023-03-01 05:57:57
23698.17000000,2023-03-01 05:57:57
23698.13000000,2023-03-01 05:57:57
23698.13000000,2023-03-01 05:57:57
23698.12000000,2023-03-01 05:57:57
23698.10000000,2023-03-01 05:57:57
23698.08000000,2023-03-01 05:57:57
23698.02000000,2023-03-01 05:57:57
23698.02000000,2023-03-01 05:57:57
23698.01000000,2023-03-01 05:57:57
23698.01000000,2023-03-01 05:57:57
23698.01000000,2023-03-01 05:57:57
23698.00000000,2023-03-01 05:57:57
23698.56000000,2023-03-01 05:57:57
23698.81000000,2023-03-01 05:57:57
23698.68000000,2023-03-01 05:57:57
23698.89000000,2023-03-01 05:57:57
23698.57000000,2023-03-01 05:57:57
23698.55000000,2023-03-01 05:57:57
23698.89000000,2023-03-01 05:57:57
23699.08000000,2023-03-01 05:57:58
23699.10000000,2023-03-01 05:57:58
23699.24000000,2023-03-01 05:57:58
23699.25000000,2023-03-01 05:57:58
23699.25000000,2023-03-01 05:57:58
23699.26000000,2023-03-01 05:57:58
23699.26000000,2023-03-01 05:57:58
23699.26000000,2023-03-01 05:57:58
23699.26000000,2023-03-01 05:57:58
23699.28000000,2023-03-01 05:57:58
23699.42000000,2023-03-01 05:57:58
23699.44000000,2023-03-01 05:57:58
23699.42000000,2023-03-01 05:57:58
23699.52000000,2023-03-01 05:57:58
23699.52000000,2023-03-01 05:57:58
23699.62000000,2023-03-01 05:57:58
23699.18000000,2023-03-01 05:57:58
23699.18000000,2023-03-01 05:57:58
23699.12000000,2023-03-01 05:57:58
23699.10000000,2023-03-01 05:57:58
23698.81000000,2023-03-01 05:57:58
23698.72000000,2023-03-01 05:57:58
23698.68000000,2023-03-01 05:57:58
23698.62000000,2023-03-01 05:57:58
23698.57000000,2023-03-01 05:57:58
23698.53000000,2023-03-01 05:57:58
23699.08000000,2023-03-01 05:57:58
23699.50000000,2023-03-01 05:57:58
23699.08000000,2023-03-01 05:57:58
23699.07000000,2023-03-01 05:57:58
23698.62000000,2023-03-01 05:57:58
23698.62000000,2023-03-01 05:57:58
23698.62000000,2023-03-01 05:57:58
23698.55000000,2023-03-01 05:57:58
23698.54000000,2023-03-01 05:57:58
23698.54000000,2023-03-01 05:57:58
23698.53000000,2023-03-01 05:57:58
23699.00000000,2023-03-01 05:57:59
23698.76000000,2023-03-01 05:57:59
23698.65000000,2023-03-01 05:57:59
23698.50000000,2023-03-01 05:57:59
23698.49000000,2023-03-01 05:57:59
23698.29000000,2023-03-01 05:57:59
23698.26000000,2023-03-01 05:57:59
23698.26000000,2023-03-01 05:57:59
23698.25000000,2023-03-01 05:57:59
23698.15000000,2023-03-01 05:57:59
23698.14000000,2023-03-01 05:57:59
23698.12000000,2023-03-01 05:57:59
23698.01000000,2023-03-01 05:57:59
23698.01000000,2023-03-01 05:57:59
23697.98000000,2023-03-01 05:57:59
23697.98000000,2023-03-01 05:57:59
23697.97000000,2023-03-01 05:57:59
23697.97000000,2023-03-01 05:57:59
23697.96000000,2023-03-01 05:57:59
23697.96000000,2023-03-01 05:57:59
23697.95000000,2023-03-01 05:57:59
23697.95000000,2023-03-01 05:57:59
23697.95000000,2023-03-01 05:57:59
23697.95000000,2023-03-01 05:57:59
23697.94000000,2023-03-01 05:57:59
23697.93000000,2023-03-01 05:57:59
23697.90000000,2023-03-01 05:57:59
23697.86000000,2023-03-01 05:57:59
23697.85000000,2023-03-01 05:57:59
23697.84000000,2023-03-01 05:57:59
23697.68000000,2023-03-01 05:57:59
23697.56000000,2023-03-01 05:57:59
23697.55000000,2023-03-01 05:57:59
23697.65000000,2023-03-01 05:57:59
23697.65000000,2023-03-01 05:57:59
23697.90000000,2023-03-01 05:57:59
23698.24000000,2023-03-01 05:57:59
23698.26000000,2023-03-01 05:57:59
23698.44000000,2023-03-01 05:57:59
23698.49000000,2023-03-01 05:57:59
23698.53000000,2023-03-01 05:57:59
23698.47000000,2023-03-01 05:57:59
23698.53000000,2023-03-01 05:57:59
23698.63000000,2023-03-01 05:57:59
23698.68000000,2023-03-01 05:57:59
23698.71000000,2023-03-01 05:57:59
23698.71000000,2023-03-01 05:57:59
23698.73000000,2023-03-01 05:57:59
23698.75000000,2023-03-01 05:57:59
23698.75000000,2023-03-01 05:57:59
23698.47000000,2023-03-01 05:57:59
23698.75000000,2023-03-01 05:57:59
23698.47000000,2023-03-01 05:57:59
23698.75000000,2023-03-01 05:57:59
23698.75000000,2023-03-01 05:57:59
23698.81000000,2023-03-01 05:57:59
23698.47000000,2023-03-01 05:57:59
